country,date,GDP per Capita,R&D Expenditures,,,GDP per Capita,R&D Expenditures
Argentina,2014,18797.5479465897,0.58852,,,4.2741012012,-0.2302387737
Argentina,2013,19482.190295091,0.62017,,,4.2896377811,-0.2074892461
Argentina,2012,19224.8743997107,0.63596,,,4.2838635111,-0.1965701993
Argentina,2011,19629.3518451916,0.56648,,,4.2929059596,-0.2468154186
Argentina,2010,18712.0630773436,0.56126,,,4.2721216728,-0.2508359081
Argentina,2009,17168.3789365496,0.58608,,,4.2347292904,-0.2320430987
Argentina,2008,18436.8624668727,0.47041,,,4.265687016,-0.3275234546
Argentina,2007,17900.7063421587,0.45801,,,4.2528701681,-0.3391250397
Argentina,2006,16592.264892395,0.45021,,,4.2199056725,-0.3465848627
Argentina,2005,15518.6785097698,0.41897,,,4.1908547362,-0.3778170732
Argentina,2004,14410.1505153775,0.40386,,,4.1586685171,-0.3937691591
Argentina,2003,13361.4000434323,0.41003,,,4.1258519671,-0.3871843668
Argentina,2002,12412.6059887095,0.38834,,,4.0938629699,-0.4107878737
Argentina,2001,14085.5751760246,0.42413,,,4.1487745858,-0.3725010075
Argentina,2000,14899.8700458711,0.43915,,,4.1731824806,-0.3573871129
Armenia,2009,6532.9642305979,0.29109,,,3.8151102803,-0.5359727139
Armenia,2008,7558.361647802,0.22427,,,3.8784276679,-0.6492288169
Armenia,2007,7010.6270559639,0.21102,,,3.8457568646,-0.6756763813
Armenia,2006,6110.2261914071,0.24023,,,3.7860572875,-0.6193727587
Armenia,2005,5356.6144237133,0.25794,,,3.7288903864,-0.5884813045
Armenia,2004,4673.9847258369,0.25631,,,3.6696872888,-0.5912344494
Armenia,2003,4206.9751175661,0.32201,,,3.6239699434,-0.4921306411
Armenia,2002,3669.4433904878,0.25301,,,3.5646001921,-0.5968623134
Armenia,2001,3224.1412752711,0.27889,,,3.5084140634,-0.5545670577
Armenia,2000,2924.7473797168,0.19131,,,3.4660883606,-0.7182623283
Armenia,2015,8195.9336495657,0.25069,,,3.9135984339,-0.6008629897
Armenia,2014,7971.1179276216,0.24144,,,3.9015192343,-0.6171907776
Armenia,2013,7727.9290915621,0.22195,,,3.8880631285,-0.6537448506
Armenia,2012,7511.1324821474,0.23833,,,3.8757054222,-0.622821287
Armenia,2011,7022.1039433839,0.27,,,3.8464672537,-0.5686362358
Armenia,2010,6702.8480062794,0.2414,,,3.8262593714,-0.6172627342
Australia,2013,42867.167107896,2.20207,,,4.632124784,0.3428311203
Australia,2011,41782.2849420662,2.24574,,,4.6209921865,0.3513594745
Australia,2010,41384.9235523277,2.37808,,,4.6168421573,0.3762264604
Australia,2008,41316.6000535698,2.39823,,,4.6161245762,0.3798908314
Australia,2006,39426.0204015126,2.18208,,,4.5957829423,0.3388706688
Australia,2004,38148.9191860349,1.85465,,,4.5814822383,0.2682619639
Australia,2002,36400.7274378688,1.75453,,,4.5611100627,0.2441607984
Australia,2000,35281.3953623126,1.57596,,,4.5475457529,0.1975451903
Austria,2015,44353.8752139122,3.07181,,,4.6469315703,0.4873943499
Austria,2014,44345.3096528388,3.06054,,,4.6468476918,0.4857980599
Austria,2013,44303.444636945,2.96325,,,4.6464374944,0.4717682931
Austria,2012,44551.6175741173,2.92992,,,4.648863477,0.4668557623
Austria,2011,44452.7327457999,2.67843,,,4.6478984645,0.4278803007
Austria,2010,43336.1978527647,2.73439,,,4.6368508054,0.4368604571
Austria,2009,42618.5288387609,2.6153,,,4.6295984541,0.4175215138
Austria,2008,44417.7806037669,2.58495,,,4.6475568546,0.4124521471
Austria,2007,43878.134032345,2.4354,,,4.6422481504,0.3865703017
Austria,2006,42482.1005452241,2.37541,,,4.6282059825,0.3757385804
Austria,2005,41308.6390980498,2.38332,,,4.6160408875,0.3771823575
Austria,2004,40719.3500830979,2.16923,,,4.6098008377,0.336305602
Austria,2003,39893.3519596778,2.18268,,,4.6009005286,0.338990069
Austria,2002,39787.3057714365,2.0727,,,4.5997445316,0.3165364474
Austria,2001,39332.2488551353,1.99686,,,4.5947487783,0.3003476175
Austria,2000,38956.9807260522,1.89139,,,4.5905852905,0.2767810885
Belarus,2015,17229.5551904045,0.51672,,,4.2362740656,-0.2867447285
Belarus,2014,17944.2098463253,0.52354,,,4.2539243394,-0.2810501313
Belarus,2013,17656.1193383189,0.6737,,,4.2468952556,-0.1715334526
Belarus,2012,17479.9293997571,0.6675,,,4.2425396742,-0.17554873
Belarus,2011,17166.6956434719,0.70097,,,4.2346867074,-0.1543005685
Belarus,2010,16235.1714534334,0.69551,,,4.2104568794,-0.1576966214
Belarus,2009,15035.6996456718,0.64477,,,4.1771236416,-0.1905951777
Belarus,2008,14972.2694585184,0.74028,,,4.1752876346,-0.1306039837
Belarus,2007,13539.6024068277,0.96169,,,4.1316059114,-0.0169648999
Belarus,2006,12410.3301926286,0.66038,,,4.0937833366,-0.1802060881
Belarus,2005,11213.2494312467,0.67817,,,4.0497314829,-0.1686614259
Belarus,2004,10180.0029861629,0.62749,,,4.0077479054,-0.2023931909
Belarus,2003,9072.0661853019,0.61088,,,3.95770621,-0.2140440933
Belarus,2002,8416.0425659621,0.62181,,,3.9251079234,-0.2063422979
Belarus,2001,7960.9860553545,0.70766,,,3.9009668632,-0.1501753519
Belarus,2000,7562.8839987548,0.7224,,,3.8786874391,-0.1412222627
Belgium,2015,41722.9218634283,2.45668,,,4.6203747145,0.3903485902
Belgium,2014,41384.1473316774,2.46249,,,4.6168340115,0.3913744755
Belgium,2013,40928.136605999,2.43512,,,4.6120219723,0.3865203676
Belgium,2012,41046.481185763,2.35915,,,4.613275932,0.3727555552
Belgium,2011,41248.725342013,2.15594,,,4.6154105326,0.3336366702
Belgium,2010,41085.9189401366,2.05137,,,4.613693005,0.3120439999
Belgium,2009,40355.5731175835,1.98413,,,4.6059035194,0.2975701237
Belgium,2008,41619.3400813337,1.92449,,,4.6192951897,0.2843156588
Belgium,2007,41623.4417399595,1.84259,,,4.6193379881,0.2654287099
Belgium,2006,40532.2730382074,1.81239,,,4.6078009595,0.2582516573
Belgium,2005,39802.9722724017,1.78507,,,4.5999155041,0.2516552513
Belgium,2004,39201.5271563108,1.80723,,,4.593302986,0.2570134273
Belgium,2003,37990.7133086751,1.82949,,,4.5796774479,0.26233004
Belgium,2002,37856.8647131311,1.89118,,,4.5781446431,0.2767328664
Belgium,2001,37361.718437763,2.02007,,,4.5724268432,0.305366419
Belgium,2000,37188.6436930907,1.92401,,,4.5704103395,0.2842073249
Brazil,2014,15370.9963698253,1.16755,,,4.18670202,0.0672754882
Brazil,2013,15430.2682759225,1.19828,,,4.1883734769,0.0785583107
Brazil,2012,15118.138451117,1.12795,,,4.1794983183,0.0522898486
Brazil,2011,14973.0984736747,1.14132,,,4.1753116808,0.0574074277
Brazil,2010,14539.0845345652,1.15869,,,4.1625370617,0.0639672588
Brazil,2009,13653.0139581162,1.11968,,,4.1352285342,0.0490939208
Brazil,2008,13806.0149203547,1.12896,,,4.1400683384,0.0526785548
Brazil,2007,13271.0470442056,1.08149,,,4.1229051887,0.0340225081
Brazil,2006,12644.9392239091,0.98784,,,4.1019167463,-0.0053133922
Brazil,2005,12299.3797443019,1.00273,,,4.0898832106,0.0011840085
Brazil,2004,12058.3213738903,0.96233,,,4.0812868543,-0.0166759752
Brazil,2003,11542.5788204106,0.9982,,,4.0623028489,-0.0007824345
Brazil,2002,11560.0372749018,0.97667,,,4.0629592345,-0.0102521521
Brazil,2001,11369.0138803598,1.02879,,,4.0557227967,0.0123267342
Brazil,2000,11370.7294551211,1.00084,,,4.0557883264,0.0003646542
Bulgaria,2015,17000.1672471067,0.95657,,,4.230453194,-0.0192832436
Bulgaria,2014,16302.3128852496,0.79492,,,4.2122492242,-0.0996765761
Bulgaria,2013,15997.3345909471,0.63491,,,4.2040476284,-0.1972878326
Bulgaria,2012,15772.0860006387,0.60479,,,4.1978891365,-0.2183953984
Bulgaria,2011,15676.1441294193,0.53191,,,4.1952392478,-0.2741618448
Bulgaria,2010,15283.2684107728,0.56387,,,4.1842162404,-0.2488210109
Bulgaria,2009,14984.5927868509,0.49566,,,4.1756449453,-0.3048161275
Bulgaria,2008,15442.1377322192,0.4458,,,4.1887074217,-0.3508599359
Bulgaria,2007,14795.878526782,0.42683,,,4.1701407571,-0.3697450635
Bulgaria,2006,13640.5277010349,0.44313,,,4.1348311719,-0.3534688471
Bulgaria,2005,12680.9574782327,0.4434,,,4.1031520463,-0.3532043112
Bulgaria,2004,11736.5517809625,0.472,,,4.0695405192,-0.3260580014
Bulgaria,2003,10931.6655247109,0.47379,,,4.0386863352,-0.3244141099
Bulgaria,2002,10321.3476356398,0.46594,,,4.0137364059,-0.3316700047
Bulgaria,2001,9526.4057012238,0.44861,,,3.9789290729,-0.3481310498
Bulgaria,2000,8958.1025548382,0.49885,,,3.9522160301,-0.3020300234
Canada,2014,43079.1425247165,1.61548,,,4.6342670502,0.2083015857
Canada,2013,42339.3788754169,1.69164,,,4.6267444826,0.2283079458
Canada,2012,41794.5389176845,1.79709,,,4.6211195384,0.2545698275
Canada,2011,41565.2712210369,1.79853,,,4.6187306187,0.2549176864
Canada,2010,40699.3551293841,1.84066,,,4.609587528,0.2649735746
Canada,2009,39924.1959013064,1.91904,,,4.6012361779,0.2830840272
Canada,2008,41611.2508139689,1.8637,,,4.6192107707,0.2703760052
Canada,2007,41647.3878092126,1.91287,,,4.619587767,0.2816854561
Canada,2006,41203.3504026759,1.95161,,,4.6149325316,0.2903930348
Canada,2005,40471.2605251176,1.97345,,,4.6071467312,0.2952261274
Canada,2004,39604.3548611707,2.00594,,,4.5977429432,0.3023179386
Canada,2003,38805.6711138179,1.97528,,,4.5888951986,0.2956286665
Canada,2002,38500.3170770124,1.97782,,,4.5854643062,0.2961867642
Canada,2001,37712.1282353891,2.02921,,,4.5764810419,0.3073269939
Canada,2000,37431.9169780243,1.86873,,,4.5732420689,0.2715465577
Chile,2015,22536.6176878913,0.38444,,,4.3528887374,-0.4151714314
Chile,2014,22226.4524735619,0.37655,,,4.3468701512,-0.4241773481
Chile,2013,21998.3071454447,0.39119,,,4.3423892615,-0.4076122556
Chile,2012,21330.2399109073,0.36486,,,4.3289957402,-0.4378737462
Chile,2011,20437.704525923,0.35436,,,4.3104321161,-0.450555307
Chile,2010,19442.0503154635,0.33098,,,4.2887420627,-0.4801982484
Chile,2009,18547.4615343093,0.35307,,,4.2682844791,-0.4521391824
Chile,2008,19031.6164297818,0.37518,,,4.2794756762,-0.4257603209
Chile,2007,18572.5683881681,0.3106,,,4.2688719662,-0.5077985486
Colombia,2015,12985.3831345266,0.24177,,,4.113454768,-0.6165975895
Colombia,2014,12715.9673914398,0.25053,,,4.1043494055,-0.6011402616
Colombia,2013,12296.2955351848,0.27318,,,4.0897742927,-0.5635510993
Colombia,2012,11840.2404334565,0.21867,,,4.0733605215,-0.6602107951
Colombia,2011,11496.4777054381,0.20294,,,4.0605648014,-0.692632344
Colombia,2010,10900.5052821616,0.18933,,,4.0374466297,-0.7227805651
Colombia,2009,10599.9626049907,0.18956,,,4.0253043331,-0.7222533
Colombia,2008,10547.2603938218,0.19289,,,4.0231396681,-0.7146902869
Colombia,2007,10306.9474882958,0.17704,,,4.0131300634,-0.7519285991
Colombia,2006,9760.1349263068,0.14857,,,3.9894558215,-0.8280688766
Colombia,2005,9263.7301727306,0.14995,,,3.9667858968,-0.8240535299
Colombia,2004,8963.5953293474,0.15342,,,3.9524822416,-0.8141180216
Colombia,2003,8625.2465696916,0.15621,,,3.9357715191,-0.8062911676
Colombia,2002,8415.7591194705,0.13962,,,3.9250932964,-0.8550523663
Colombia,2001,8327.070759204,0.13174,,,3.9204922551,-0.8802823409
Colombia,2000,8308.2229499005,0.1297,,,3.9195081422,-0.8870600239
Croatia,2015,20759.0481463138,0.85439,,,4.3172074362,-0.0683438434
Croatia,2014,20136.2186593413,0.79104,,,4.3039779186,-0.1018015553
Croatia,2013,20153.4681736144,0.81455,,,4.3043497939,-0.089082252
Croatia,2012,20313.5370341477,0.75217,,,4.3077855502,-0.1236839922
Croatia,2011,20704.4371932848,0.75143,,,4.3160634296,-0.1241114702
Croatia,2010,20118.2108286706,0.74479,,,4.303589355,-0.1279661631
Croatia,2009,20414.1928479761,0.84416,,,4.3099322131,-0.0735752305
Croatia,2008,22014.7146824303,0.88333,,,4.3427130612,-0.0538770196
Croatia,2007,21564.5120242025,0.79301,,,4.3337396351,-0.1007213361
Croatia,2006,20489.85593493,0.74119,,,4.3115389049,-0.1300704487
Croatia,2005,19545.361263237,0.85619,,,4.291043702,-0.0674298489
Croatia,2004,18776.7371047218,1.03028,,,4.2736201257,0.0129552693
Croatia,2003,18036.1271816318,0.95216,,,4.2561432891,-0.0212900671
Croatia,2002,17086.4766914874,0.94623,,,4.2326525185,-0.0240032869
Croatia,2001,16234.7259306183,0.91772,,,4.2104449614,-0.0372898036
Croatia,2000,15745.3204570369,1.0455,,,4.1971515041,0.0193240372
Czech Republic,2015,30605.4205211471,1.94865,,,4.4857983511,0.2897338418
Czech Republic,2014,29119.6166119074,1.97458,,,4.4641856528,0.2954747338
Czech Republic,2013,28379.7461179156,1.89886,,,4.453008506,0.2784929461
Czech Republic,2012,28527.1387345992,1.78227,,,4.4552582142,0.2509734969
Czech Republic,2011,28797.4179611691,1.55716,,,4.4593535497,0.1923332391
Czech Republic,2010,28352.9493964403,1.3411,,,4.4525982428,0.1274611625
Czech Republic,2009,27803.5871622193,1.29782,,,4.4441008313,0.1132144626
Czech Republic,2008,29373.1092319296,1.2406,,,4.4679499203,0.0936317768
Czech Republic,2007,28844.0671946539,1.30572,,,4.4600564986,0.1158500563
Czech Republic,2006,27473.6271233445,1.23271,,,4.4389159996,0.0908609191
Czech Republic,2005,25781.2047057911,1.17011,,,4.4113032072,0.0682266909
Czech Republic,2004,24233.5969865534,1.1465,,,4.3844178811,0.0593740591
Czech Republic,2003,23107.2038753806,1.15166,,,4.3637473962,0.061324283
Czech Republic,2002,22297.2247461099,1.10682,,,4.3482508114,0.0440769981
Czech Republic,2001,21892.48252523,1.10691,,,4.3402950117,0.0441123109
Czech Republic,2000,21193.9017140583,1.1176,,,4.326210916,0.0482863931
Denmark,2015,45458.697148831,3.01387,,,4.6576169846,0.4791245156
Denmark,2014,45057.0741699595,2.97589,,,4.6537629869,0.473616874
Denmark,2013,44564.4521554649,3.01688,,,4.648988572,0.4795580359
Denmark,2012,44336.8124612297,3.00504,,,4.6467644669,0.4778502573
Denmark,2011,44403.3941459257,2.97177,,,4.6474161684,0.4730151942
Denmark,2010,43998.4366716285,2.93477,,,4.6434372456,0.467574071
Denmark,2009,43382.6254590015,3.07684,,,4.6373158314,0.4881049129
Denmark,2008,45865.7959577936,2.77572,,,4.6614889347,0.4433756547
Denmark,2007,46373.5166625592,2.51374,,,4.6662700312,0.4003203559
Denmark,2006,46159.9137391637,2.40624,,,4.6642649886,0.381338942
Denmark,2005,44567.9313092661,2.38733,,,4.6490224761,0.3779124556
Denmark,2004,43670.4452995124,2.41276,,,4.6401876204,0.3825141243
Denmark,2003,42645.5831253435,2.50518,,,4.6298740572,0.3988389359
Denmark,2002,42595.5872217462,2.44191,,,4.6293646098,0.3877296534
Denmark,2001,42533.5392582329,2.32725,,,4.6287315223,0.366843039
Ecuador,2014,10901.4185562194,0.44148,,,4.0374830146,-0.3550889661
Ecuador,2013,10665.4625828373,0.3799,,,4.0279796964,-0.4203307064
Ecuador,2012,10322.1789023463,0.33236,,,4.0137713819,-0.4783912497
Ecuador,2011,9926.9034410961,0.33991,,,3.9968137975,-0.4686360585
Ecuador,2010,9352.3442368159,0.40297,,,3.9709204838,-0.3947272847
Ecuador,2009,9183.5525578289,0.39463,,,3.9630107158,-0.4038099025
Ecuador,2008,9285.8644065728,0.22779,,,3.9678223378,-0.6424653454
Ecuador,2007,8879.6368541059,0.13194,,,3.948395205,-0.8796235203
Ecuador,2006,8837.3806858168,0.12863,,,3.9463235634,-0.8906577304
Ecuador,2003,7808.1922007301,0.05735,,,3.8925504951,-1.2414665778
Ecuador,2002,7727.7173487883,0.05534,,,3.8880512288,-1.2569608452
Ecuador,2001,7550.2572750942,0.0515,,,3.8779617505,-1.288192771
"Egypt, Arab Rep.",2015,10095.6101677121,0.72269,,,4.0041325724,-0.1410479547
"Egypt, Arab Rep.",2014,9879.799358553,0.64558,,,3.9947481249,-0.1900499325
"Egypt, Arab Rep.",2013,9814.2121302138,0.64603,,,3.9918554408,-0.189747314
"Egypt, Arab Rep.",2012,9822.4201805469,0.51349,,,3.9922185083,-0.2894680097
"Egypt, Arab Rep.",2011,9823.8232867571,0.53197,,,3.9922805417,-0.2741128587
"Egypt, Arab Rep.",2010,9857.4682819007,0.43223,,,3.9937653883,-0.3642850931
"Egypt, Arab Rep.",2009,9561.8475685687,0.43404,,,3.9805418161,-0.3624702452
"Egypt, Arab Rep.",2008,9305.4149547161,0.27009,,,3.9687357443,-0.5684914951
"Egypt, Arab Rep.",2007,8838.5247955126,0.25503,,,3.9463797846,-0.5934087291
"Egypt, Arab Rep.",2006,8398.8745351146,0.2589,,,3.9242210937,-0.5868679496
"Egypt, Arab Rep.",2005,8001.5165405876,0.24119,,,3.9031723073,-0.6176407025
"Egypt, Arab Rep.",2004,7800.3489186197,0.2701,,,3.8921140296,-0.5684754158
"Egypt, Arab Rep.",2000,7388.3564111233,0.19253,,,3.8685478375,-0.7155015892
Estonia,2015,27549.5813697378,1.49502,,,4.4401150039,0.1746470026
Estonia,2014,27113.6859213723,1.45122,,,4.433188561,0.161733255
Estonia,2013,26282.9088374806,1.72601,,,4.4196734287,0.2370433076
Estonia,2012,25691.9996357991,2.12265,,,4.4097979072,0.32687839
Estonia,2011,24543.0674715452,2.30655,,,4.3899288413,0.3629628734
Estonia,2010,22740.9720038708,1.58162,,,4.3568090235,0.1991021481
Estonia,2009,22187.9264018728,1.39541,,,4.3461167166,0.144701831
Estonia,2008,25968.9728072711,1.25952,,,4.4144547716,0.1002050681
Estonia,2007,27383.4695578858,1.06884,,,4.4374884735,0.0289126984
Estonia,2006,25298.646049925,1.11666,,,4.4030972789,0.0479209595
Estonia,2005,22807.1827469547,0.92364,,,4.3580716424,-0.0344972674
Estonia,2004,20733.538079237,0.85193,,,4.3166734187,-0.0695960882
Estonia,2003,19389.4423083658,0.76777,,,4.2875653178,-0.1147688616
Estonia,2002,17937.8319791363,0.71649,,,4.2537699517,-0.1447898666
Estonia,2001,16803.5186789525,0.69946,,,4.2254002331,-0.1552371164
Estonia,2000,15703.0274678557,0.60009,,,4.1959833904,-0.2217836103
Finland,2015,38941.7636030551,2.90474,,,4.5904156161,0.4631072653
Finland,2014,39017.5372069548,3.17663,,,4.5912598532,0.501966633
Finland,2013,39428.3120606313,3.29266,,,4.5958081852,0.5175468878
Finland,2012,39912.9413580065,3.41594,,,4.601113734,0.5335102338
Finland,2011,40683.5275821703,3.63639,,,4.6094186026,0.5606704548
Finland,2010,39848.1344978775,3.72797,,,4.6004079946,0.5714724088
Finland,2009,38867.7994464569,3.74943,,,4.5895899532,0.5739652499
Finland,2008,42574.6411365042,3.5418,,,4.629150996,0.5492240336
Finland,2007,42467.2609961997,3.33833,,,4.6280542513,0.5235292653
Finland,2006,40546.0807261049,3.33017,,,4.6079488807,0.5224664041
Finland,2005,39115.7647931549,3.33762,,,4.592351826,0.5234368892
Finland,2004,38188.2510919027,3.32495,,,4.5819297694,0.5217851188
Finland,2003,36852.4439237464,3.29278,,,4.566466294,0.5175627152
Finland,2002,36218.2401573648,3.26376,,,4.5589273441,0.5137182155
Finland,2001,35706.1533300355,3.20765,,,4.5527430656,0.5061869745
Finland,2000,34887.1787990067,3.25192,,,4.542665851,0.512139853
France,2015,37765.7508688631,2.23135,,,4.5770981239,0.3485676972
France,2014,37531.4282697726,2.23919,,,4.5743950919,0.3500909459
France,2013,37366.9307216323,2.23406,,,4.5724874268,0.3490948328
France,2012,37344.5376697004,2.22579,,,4.5722270872,0.3474841869
France,2011,37457.2848600019,2.18988,,,4.5735362938,0.3404203172
France,2010,36872.2280897097,2.17344,,,4.5666993816,0.3371476556
France,2009,36340.508687855,2.20799,,,4.5603910022,0.3439971021
France,2008,37634.9296395514,2.05332,,,4.5755911084,0.3124566373
France,2007,37772.0777505611,2.01554,,,4.577170875,0.3043914215
France,2006,37129.6812135362,2.04889,,,4.5697212205,0.3115186428
France,2005,36522.0765589883,2.04676,,,4.5625554625,0.3110669209
France,2004,36216.1681701552,2.08729,,,4.5589024981,0.3195827925
France,2003,35494.7817219654,2.10787,,,4.5501645098,0.3238438228
France,2002,35456.6763421496,2.17153,,,4.549698023,0.3367658336
France,2001,35320.4246114363,2.13554,,,4.5480259159,0.3295077104
France,2000,34896.387306251,2.07742,,,4.5427804684,0.3175243084
Georgia,2015,9025.1331426561,0.32046,,,3.9554536175,-0.4942261716
Georgia,2014,8749.1561892735,0.1849,,,3.9419661696,-0.7330630888
Georgia,2013,8254.010765691,0.08367,,,3.916665031,-1.077430231
Georgia,2005,4902.0929343136,0.17658,,,3.6903815404,-0.7530584875
Georgia,2004,4414.7766609677,0.2442,,,3.644908738,-0.6122543404
Georgia,2003,4116.1960841835,0.2176,,,3.6144960552,-0.662341109
Georgia,2002,3658.7074968808,0.18574,,,3.5633276903,-0.7310945588
Georgia,2001,3445.5794417116,0.23848,,,3.5372622675,-0.622548037
Georgia,2000,3263.8592617974,0.2153,,,3.5137314236,-0.6669559702
Germany,2015,43937.9471317278,2.87749,,,4.642839762,0.459013823
Germany,2014,43560.6192440775,2.89227,,,4.6390940449,0.4612388329
Germany,2013,42914.4761126655,2.8173,,,4.6326038152,0.4498330953
Germany,2012,42822.0994035797,2.86632,,,4.6316679553,0.457324674
Germany,2011,42692.5197566424,2.79885,,,4.6303517881,0.4469796238
Germany,2010,40428.7210307617,2.71373,,,4.6066900026,0.4335666358
Germany,2009,38784.4524824906,2.72675,,,4.5886576649,0.4356453218
Germany,2008,40989.4431148599,2.59889,,,4.612672018,0.414787898
Germany,2007,40473.5274498896,2.44948,,,4.6071710568,0.3890738978
Germany,2006,39143.1662435764,2.45938,,,4.5926559523,0.390825637
Germany,2005,37703.9329399406,2.42344,,,4.5763866543,0.3844322718
Germany,2004,37418.0924996579,2.42145,,,4.5730816443,0.3840755058
Germany,2003,36977.3460076486,2.45669,,,4.5679357371,0.390350358
Germany,2002,37262.3512875562,2.41465,,,4.5712702558,0.3828541893
Germany,2001,37325.0525470646,2.38541,,,4.5720004278,0.3775630355
Germany,2000,36764.5629268974,2.38769,,,4.5654294073,0.3779779405
Ghana,2010,3059.4136985984,0.37655,,,3.4856382069,-0.4241773481
Ghana,2007,2675.4367496595,0.23157,,,3.4273946882,-0.6353177044
Greece,2015,24170.3018369872,0.95673,,,4.3832820739,-0.0192106077
Greece,2014,24081.6305378246,0.83637,,,4.3816858891,-0.0776015534
Greece,2013,23746.0845699961,0.80976,,,4.3755920102,-0.09164368
Greece,2012,24364.2690631745,0.70031,,,4.3867533869,-0.1547096721
Greece,2011,26141.3195918975,0.67206,,,4.4173275066,-0.1725919524
Greece,2010,28726.0792836873,0.59846,,,4.4582763548,-0.2229648718
Greece,2009,30430.419418438,0.62434,,,4.4833079382,-0.2045788399
Greece,2008,31881.7123475428,0.66181,,,4.503541639,-0.1792666749
Greece,2007,32073.9603960134,0.57579,,,4.5061525886,-0.239735882
Greece,2006,31136.4469589464,0.56083,,,4.4932690529,-0.2511687631
Greece,2005,29559.2813870956,0.57966,,,4.4706938718,-0.2368266675
Greece,2004,29469.5266005245,0.52653,,,4.4693731594,-0.2785768791
Greece,2003,28119.4073558205,0.54625,,,4.4490061633,-0.26260855
Greece,2001,25731.2092719044,0.5602,,,4.4104601969,-0.2516568955
Honduras,2004,3568.1484159599,0.04143,,,3.5524429104,-1.3826850667
Honduras,2003,3440.1543586056,0.0421,,,3.5365779297,-1.3757179042
Honduras,2002,3372.3572446731,0.04186,,,3.5279335746,-1.378200776
Honduras,2001,3332.9320693892,0.03847,,,3.5228264621,-1.4148778137
Honduras,2000,3328.5105885392,0.04438,,,3.5222499429,-1.3528127021
Hungary,2015,25034.4507306605,1.37762,,,4.3985380672,0.1391294392
Hungary,2014,24161.4255236519,1.3614,,,4.3831225541,0.1339857463
Hungary,2013,23119.0169671733,1.39568,,,4.3639693637,0.1447858551
Hungary,2012,22582.0728072234,1.26719,,,4.3537638033,0.102841737
Hungary,2011,22841.2103381104,1.19339,,,4.3587191131,0.0767823944
Hungary,2010,22404.2391969471,1.14469,,,4.3503302007,0.0586878888
Hungary,2009,22202.1570188671,1.13749,,,4.3463951698,0.0559475873
Hungary,2008,23734.2445282406,0.98298,,,4.3753754125,-0.0074553184
Hungary,2007,23491.7478872702,0.95974,,,4.3709153314,-0.0178464043
Hungary,2006,23353.8502011068,0.98328,,,4.3683584902,-0.0073227943
Hungary,2005,22452.8159282563,0.9234,,,4.351270816,-0.0346101298
Hungary,2004,21466.2223742387,0.86441,,,4.331755624,-0.0632802176
Hungary,2003,20397.8448812483,0.92028,,,4.3095842848,-0.0360800162
Hungary,2002,19585.7223042541,0.98546,,,4.2919395926,-0.0063609991
Hungary,2001,18683.9818474509,0.91302,,,4.2714694367,-0.039519709
Hungary,2000,17951.7355199383,0.79239,,,4.2541064412,-0.1010610139
Iceland,2015,43048.1249676837,2.21493,,,4.6339542398,0.3453600055
Iceland,2014,41701.1370921494,2.02991,,,4.6201478973,0.3074767831
Iceland,2013,41259.795921202,1.77353,,,4.6155270755,0.2488385391
Iceland,2011,39621.9356635285,2.49558,,,4.5979356885,0.3971714965
Iceland,2009,40189.6328281014,2.65657,,,4.6041140385,0.424321264
Iceland,2008,43336.255053899,2.54354,,,4.6368513786,0.4054385718
Iceland,2007,43488.9080413062,2.58313,,,4.6383785031,0.4121462633
Iceland,2006,40789.413633578,2.91379,,,4.6105474622,0.4644582485
Iceland,2005,39769.5021811038,2.70886,,,4.5995501547,0.4327865603
Iceland,2003,35337.0515426308,2.73587,,,4.54823031,0.4370954572
Iceland,2002,34735.0257196478,2.86869,,,4.5407676248,0.4576836195
Iceland,2001,34936.5112770652,2.87674,,,4.5432795346,0.4589006121
Iceland,2000,34096.8358438119,2.59972,,,4.5327140787,0.4149265753
Indonesia,2013,9643.2748298101,0.08466,,,3.9842245442,-1.0723217359
Indonesia,2009,8044.9703303788,0.08327,,,3.9055244468,-1.0795114353
Indonesia,2001,5934.1370496475,0.04746,,,3.7733575722,-1.3236722661
Indonesia,2000,5805.808706435,0.06768,,,3.7638627223,-1.16953965
Ireland,2014,49327.3993232073,1.51368,,,4.6930882189,0.1800340727
Ireland,2013,45722.5324057102,1.56286,,,4.6601302764,0.1939200759
Ireland,2012,45097.0675166764,1.55335,,,4.6541483023,0.1912693218
Ireland,2011,45179.8301512647,1.54098,,,4.6549445939,0.1877970022
Ireland,2010,44030.4141487055,1.59851,,,4.6437527704,0.2037153575
Ireland,2009,43487.4882191988,1.60915,,,4.6383643241,0.2065965296
Ireland,2008,46062.6463288934,1.38596,,,4.6633488848,0.1417506963
Ireland,2007,48937.5146623164,1.23452,,,4.6896419095,0.0914981302
Ireland,2006,47879.0184523247,1.19832,,,4.6801452385,0.0785728078
Ireland,2005,46613.5583275408,1.19412,,,4.6685122568,0.0770479723
Ireland,2004,44940.960725494,1.17974,,,4.6526423523,0.0717863048
Ireland,2003,42903.6906954887,1.1211,,,4.632494653,0.0496443526
Ireland,2002,42289.0798908424,1.05574,,,4.626228236,0.0235569765
Ireland,2001,40455.3185513234,1.0527,,,4.6069756252,0.0223046229
Ireland,2000,38849.8884983738,1.0888,,,4.5893897767,0.0369481122
Italy,2015,34302.0374026544,1.33488,,,4.5353199161,0.1254422262
Italy,2014,33945.8438783585,1.37599,,,4.5307866095,0.1386152777
Italy,2013,34219.8327781897,1.31144,,,4.5342778829,0.1177484259
Italy,2012,35227.6248251817,1.27345,,,4.5468833625,0.1049818977
Italy,2011,36347.3424784176,1.20796,,,4.5604726631,0.0820525534
Italy,2010,36201.1615672134,1.22656,,,4.5587225057,0.0886887976
Italy,2009,35710.4200015019,1.2235,,,4.5527949581,0.0876039737
Italy,2008,37954.1606640052,1.1652,,,4.5792593917,0.066400476
Italy,2007,38612.0116543642,1.13239,,,4.5867224286,0.0539960255
Italy,2006,38243.8063277255,1.08589,,,4.5825611102,0.0357858337
Italy,2005,37604.360624075,1.0469,,,4.5752382089,0.0199051998
Italy,2004,37434.1000868702,1.05193,,,4.5732673972,0.0219868409
Italy,2003,37090.4052236178,1.06252,,,4.5692615781,0.0263371136
Italy,2002,37199.3523731905,1.08144,,,4.570535379,0.0340024291
Italy,2001,37162.42333617,1.04402,,,4.5701040263,0.0187088184
Italy,2000,36535.8187670132,1.00486,,,4.5627188443,0.0021055588
Jamaica,2002,8081.1183253905,0.0609,,,3.9074714658,-1.2153827074
Jamaica,2001,7977.4356340752,0.04956,,,3.9018633088,-1.3048687023
Japan,2015,37882.980624441,3.28363,,,4.5784441419,0.5163542148
Japan,2014,37337.3174057788,3.3994,,,4.5721431117,0.5314022701
Japan,2013,37148.6027499704,3.31612,,,4.5699424835,0.5206302379
Japan,2012,36367.5970553161,3.20881,,,4.5607146065,0.5063440024
Japan,2011,35774.6967129559,3.24747,,,4.5535759606,0.5115451478
Japan,2010,35749.7566788784,3.1393,,,4.5532730902,0.49683282
Japan,2009,34317.4897303598,3.22811,,,4.5355155124,0.5089483252
Japan,2008,36278.4491876112,3.33536,,,4.5596487138,0.5231427161
Japan,2007,36697.2986801581,3.33764,,,4.5646340966,0.5234394916
Japan,2006,36141.606935105,3.27769,,,4.5580074583,0.5155678761
Japan,2005,35658.1778676025,3.1818,,,4.552159147,0.5026728775
Japan,2004,35078.2622979493,3.02932,,,4.5450380712,0.4813451521
Japan,2003,34333.1197190267,3.04532,,,4.5357132679,0.4836329347
Japan,2002,33888.7624043212,3.01386,,,4.530055709,0.4791230746
Japan,2001,33927.5859327266,2.97186,,,4.5305529592,0.4730283466
Japan,2000,33871.8297762301,2.90407,,,4.5298386581,0.4630070804
Jordan,2008,9714.7823369623,0.4347,,,3.9874330745,-0.3618103598
Jordan,2002,7775.7901341886,0.33696,,,3.8907445306,-0.4724216505
Kazakhstan,2015,23522.2905211907,0.16944,,,4.3714796096,-0.7709840572
Kazakhstan,2014,23586.0564564984,0.16712,,,4.3726553337,-0.776971573
Kazakhstan,2013,22972.8018749587,0.17131,,,4.3612139671,-0.7662172849
Kazakhstan,2012,21987.1883427807,0.16533,,,4.3421696966,-0.7816483343
Kazakhstan,2011,21277.7063708818,0.15373,,,4.3279248114,-0.8132413728
Kazakhstan,2010,20096.9180664411,0.15352,,,4.3031294619,-0.8138350383
Kazakhstan,2009,18996.0376810875,0.22935,,,4.2786630224,-0.6395012555
Kazakhstan,2008,19272.2140104254,0.21591,,,4.2849316097,-0.6657272426
Kazakhstan,2007,18885.2432361362,0.20965,,,4.2761225828,-0.6785051333
Kazakhstan,2006,17541.3257707568,0.24314,,,4.2440624142,-0.6141435876
Kazakhstan,2005,16014.3078566445,0.28363,,,4.2045081731,-0.547247835
Kazakhstan,2004,14728.6164133664,0.24838,,,4.1681619517,-0.6048833773
Kazakhstan,2003,13532.2312002736,0.25257,,,4.1313694092,-0.5976182358
Kazakhstan,2002,12422.5348401171,0.25484,,,4.0942102234,-0.5937324036
Kazakhstan,2001,11314.2507721604,0.22013,,,4.0536258003,-0.6573207664
Kazakhstan,2000,9951.5639055656,0.18103,,,3.9978913362,-0.7422494486
Latvia,2015,23018.8161056707,0.6255,,,4.3620829834,-0.203772686
Latvia,2014,22172.2535081352,0.6896,,,4.3458098355,-0.1614027472
Latvia,2013,21563.7214275874,0.61254,,,4.3337237127,-0.2128655458
Latvia,2012,20827.9116046572,0.66537,,,4.3186457258,-0.1769367844
Latvia,2011,19773.3837201521,0.69777,,,4.2960809943,-0.1562877066
Latvia,2010,18251.9532813473,0.61078,,,4.2613093485,-0.2141151924
Latvia,2009,18609.3328365261,0.45271,,,4.2697308035,-0.3441799122
Latvia,2008,21384.3134623671,0.58139,,,4.3300953119,-0.2355324424
Latvia,2007,21939.0743549416,0.55379,,,4.3412183,-0.2566548907
Latvia,2006,19786.2214213667,0.65063,,,4.2963628648,-0.1866659156
Latvia,2005,17522.2676891768,0.52959,,,4.2435903108,-0.2760602241
Latvia,2004,15658.9072585605,0.40013,,,4.194761452,-0.3977988859
Latvia,2003,14297.1989429043,0.36002,,,4.1552509603,-0.4436733724
Latvia,2002,13058.753036389,0.40888,,,4.1159017087,-0.3884041321
Latvia,2001,12051.8620617073,0.40321,,,4.0810541524,-0.3944687055
Latvia,2000,11175.1532940971,0.43598,,,4.0482534892,-0.360533433
Lithuania,2015,27045.713019289,1.04246,,,4.4320984354,0.0180593997
Lithuania,2014,26258.2100974103,1.03398,,,4.4192651189,0.0145121384
Lithuania,2013,25143.9151132396,0.95081,,,4.4004329018,-0.0219062593
Lithuania,2012,24049.353977837,0.89506,,,4.3811034147,-0.0481478509
Lithuania,2011,22854.33217107,0.90425,,,4.3589685352,-0.0437114826
Lithuania,2010,21070.6343301646,0.78348,,,4.3236776102,-0.1059720853
Lithuania,2009,20300.5037488854,0.82967,,,4.3075068149,-0.0810946133
Lithuania,2008,23567.7027097214,0.78844,,,4.3723172512,-0.1032313507
Lithuania,2007,22729.2136062761,0.80093,,,4.3565844101,-0.0964054389
Lithuania,2006,20219.1157060614,0.79119,,,4.3057621576,-0.1017192105
Lithuania,2005,18526.7326696155,0.74741,,,4.2677988349,-0.1264410958
Lithuania,2004,16920.0081736565,0.75066,,,4.2284005685,-0.1245567255
Lithuania,2003,15702.5319918137,0.66339,,,4.1959696869,-0.1782310794
Lithuania,2002,14090.5578240276,0.6567,,,4.1489281865,-0.1826329837
Lithuania,2001,13092.7297971208,0.66679,,,4.1170302052,-0.176010922
Lithuania,2000,12189.9621789095,0.5848,,,4.0860023582,-0.2329926361
Malaysia,2015,25001.6126731494,1.29813,,,4.3979680228,0.1133181867
Malaysia,2014,24194.6339084542,1.2587,,,4.3837190551,0.0999222322
Malaysia,2012,22590.7915238531,1.09298,,,4.3539314478,0.038612215
Malaysia,2011,21818.8756940003,1.03311,,,4.338832368,0.0141465653
Malaysia,2010,21107.2679372523,1.03663,,,4.3244320231,0.0156237731
Malaysia,2009,20092.2224297633,1.0098,,,4.3030279773,0.0042353664
Malaysia,2008,20988.7003346296,0.78842,,,4.321985547,-0.1032423674
Malaysia,2006,19251.1881837218,0.61084,,,4.2844575393,-0.2140725315
Malaysia,2004,17976.525576756,0.59996,,,4.254705757,-0.2218777035
Malaysia,2002,16554.7826524121,0.6529,,,4.2189234833,-0.1851533314
Malaysia,2000,16309.9679876812,0.46952,,,4.2124531086,-0.3283459035
Mexico,2015,16671.9119759698,0.55238,,,4.2219854086,-0.2577620543
Mexico,2014,16459.8199957751,0.53571,,,4.2164250815,-0.2710702467
Mexico,2013,16315.8627223345,0.50404,,,4.2126100426,-0.2975349971
Mexico,2012,16324.4293747474,0.49364,,,4.2128380093,-0.3065896564
Mexico,2011,15922.8981563254,0.51374,,,4.2020221173,-0.2892566186
Mexico,2010,15534.9456319503,0.53565,,,4.1913097377,-0.2711188908
Mexico,2009,15011.7517497039,0.51945,,,4.1764313738,-0.2844562494
Mexico,2008,16007.6321327378,0.47279,,,4.2043270953,-0.3253317178
Mexico,2007,16044.2526223576,0.42995,,,4.2053194915,-0.3665820467
Mexico,2006,15792.400895055,0.37382,,,4.1984481602,-0.4273374668
Mexico,2005,15273.0970036182,0.40362,,,4.1839271101,-0.3940273219
Mexico,2004,15028.1414090261,0.39434,,,4.176905273,-0.4041291679
Mexico,2003,14594.0021177851,0.38872,,,4.1641744049,-0.4103631139
Mexico,2002,14566.453351752,0.3818,,,4.1633538224,-0.4181640759
Mexico,2001,14729.1322635657,0.33852,,,4.168177162,-0.4704156678
Mexico,2000,15015.1523015111,0.31721,,,4.1765297417,-0.4986531301
Netherlands,2015,46494.3642578078,2.01329,,,4.6674003137,0.3039063364
Netherlands,2014,45668.4414721322,2.00119,,,4.6596161907,0.301288324
Netherlands,2013,45191.4862497619,1.95192,,,4.6550566246,0.290462014
Netherlands,2012,45411.3523464895,1.93994,,,4.6571644353,0.2877882979
Netherlands,2011,46066.6524059576,1.90285,,,4.6633866539,0.2794045546
Netherlands,2010,45524.6621425733,1.72342,,,4.6582467314,0.2363911286
Netherlands,2009,45125.8059189752,1.68414,,,4.6544249712,0.2263781909
Netherlands,2008,47134.3029916063,1.64351,,,4.6733370892,0.2157723509
Netherlands,2007,46527.6183857825,1.68711,,,4.6677108228,0.2271433996
Netherlands,2006,44965.8849968144,1.75734,,,4.6528831454,0.2448557944
Netherlands,2005,43507.3004303623,1.78974,,,4.6385621367,0.2527899445
Netherlands,2004,42686.8868319983,1.80706,,,4.6302944827,0.2569725727
Netherlands,2003,41982.9214289502,1.80434,,,4.6230726562,0.256318377
Netherlands,2002,42062.0472712533,1.76707,,,4.6238904071,0.2472537538
Netherlands,2001,42287.561885314,1.81447,,,4.6262126464,0.2587497921
Netherlands,2000,41721.6940459667,1.8058,,,4.620361934,0.2566696487
New Zealand,2013,33841.1802945115,1.15236,,,4.5294455017,0.0615881749
New Zealand,2011,32734.5366666969,1.23239,,,4.5150061982,0.0907481657
New Zealand,2009,32122.8375670386,1.25412,,,4.5068139017,0.0983390938
New Zealand,2007,33193.6266341458,1.15561,,,4.5210547047,0.0628112913
New Zealand,2005,32064.5518769375,1.12,,,4.5060251747,0.0492180227
New Zealand,2003,30652.1096065469,1.14497,,,4.4864603698,0.0587941076
New Zealand,2001,29066.9794891868,1.09783,,,4.4633999042,0.0405350944
Paraguay,2015,8639.2868497074,0.12931,,,3.9364778941,-0.8883678883
Paraguay,2014,8501.543539592,0.10316,,,3.9294977833,-0.9864886665
Paraguay,2012,7312.4098302436,0.08803,,,3.8640605238,-1.0553692981
Paraguay,2011,7504.6536440177,0.05682,,,3.8753306534,-1.2454987706
Paraguay,2008,6892.4093542339,0.05475,,,3.8383710632,-1.2616158765
Paraguay,2005,6119.7512091555,0.07482,,,3.7867337668,-1.1259822961
Paraguay,2004,6088.3043007907,0.07266,,,3.7844963509,-1.1387046065
Paraguay,2003,5950.8484198916,0.07167,,,3.774578888,-1.1446625955
Paraguay,2002,5807.2458931713,0.08514,,,3.7639702155,-1.0698663542
Paraguay,2001,5918.056542111,0.07418,,,3.7721791102,-1.129713171
Peru,2015,11767.5217406878,0.11729,,,4.0706850093,-0.9307390137
Peru,2014,11545.3876412251,0.10787,,,4.0624085191,-0.9670993213
Peru,2013,11430.2557839627,0.08167,,,4.0580559491,-1.0879374444
Peru,2012,10943.9192691962,0.05531,,,4.0391728807,-1.2571963415
Peru,2011,10449.0932552031,0.08283,,,4.0190786052,-1.0818123386
Peru,2004,7234.4905416209,0.15573,,,3.8594079532,-0.8076277164
Peru,2003,6978.5700614519,0.10831,,,3.843766443,-0.9653314442
Peru,2002,6784.2222270092,0.10597,,,3.8315000654,-0.9748170657
Peru,2001,6516.693156314,0.11068,,,3.8140272724,-0.9559308495
Peru,2000,6563.2679349064,0.1124,,,3.817120134,-0.9492336888
Philippines,2013,6306.7460663848,0.13839,,,3.799805345,-0.8588952907
Philippines,2011,5707.2048424694,0.11724,,,3.7564234605,-0.9309241902
Philippines,2009,5284.8651226657,0.1139,,,3.723033908,-0.9434762759
Philippines,2007,5181.0034100742,0.10967,,,3.7144138781,-0.9599121565
Philippines,2005,4778.971220243,0.11139,,,3.6793344151,-0.9531537961
Philippines,2003,4441.6749760617,0.12989,,,3.6475467754,-0.8864242832
Philippines,2002,4318.7371954214,0.13738,,,3.6353567771,-0.862076488
Poland,2015,25299.9743484897,1.00337,,,4.4031200808,0.0014611118
Poland,2014,24347.0736576846,0.94001,,,4.3864467696,-0.0268675263
Poland,2013,23555.4962149534,0.8689,,,4.3720922574,-0.0610302028
Poland,2012,23218.1112952256,0.88055,,,4.3658268886,-0.0552459786
Poland,2011,22850.6388460286,0.74438,,,4.3588983464,-0.128205304
Poland,2010,21770.6444359772,0.71836,,,4.3378712848,-0.1436578582
Poland,2009,20952.8016743906,0.66204,,,4.3212421023,-0.17911577
Poland,2008,20391.9002245226,0.59738,,,4.3094576975,-0.2237493215
Poland,2007,19563.2976317127,0.56076,,,4.2914420622,-0.2512229729
Poland,2006,18267.5880180759,0.55073,,,4.2616812086,-0.2590612655
Poland,2005,17193.5237317708,0.56308,,,4.2353648924,-0.2494298981
Poland,2004,16605.8184287535,0.55255,,,4.220260285,-0.2576284168
Poland,2003,15785.4208615325,0.53879,,,4.1982561653,-0.2685804734
Poland,2002,15232.1301462194,0.55758,,,4.1827606418,-0.2536928125
Poland,2001,14920.4597322179,0.62282,,,4.1737822049,-0.2056374498
Poland,2000,14732.4819975514,0.64205,,,4.1682759191,-0.1924311497
Portugal,2015,26607.8331233896,1.27885,,,4.4250095081,0.1068196078
Portugal,2014,26023.6976953306,1.29032,,,4.4153690053,0.1106974289
Portugal,2013,25654.6143107152,1.32851,,,4.4091654899,0.1233648278
Portugal,2012,25805.8498346706,1.38103,,,4.4117181658,0.1402031128
Portugal,2011,26780.2149060404,1.45821,,,4.4278140578,0.1638200722
Portugal,2010,27238.4606724422,1.53198,,,4.4351825606,0.1852530956
Portugal,2009,26743.1979904258,1.58377,,,4.4272133396,0.1996921122
Portugal,2008,27590.3747959133,1.44418,,,4.4407576001,0.1596213263
Portugal,2007,27575.2364597729,1.12728,,,4.4405192452,0.0520318019
Portugal,2006,26957.6363702978,0.95598,,,4.4306818108,-0.0195511935
Portugal,2005,26593.2857037278,0.75542,,,4.4247719994,-0.1218115213
Portugal,2004,26439.9331827642,0.73049,,,4.4222603533,-0.1363857249
Portugal,2003,26031.6492838373,0.69834,,,4.4155016845,-0.1559330814
Portugal,2002,26375.9643554847,0.71958,,,4.4212083472,-0.1429209159
Portugal,2001,26318.4778515972,0.76355,,,4.4202607679,-0.1171625185
Portugal,2000,25999.490687324,0.7239,,,4.4149648405,-0.1403214234
Puerto Rico,2015,35291.8035605986,0.43078,,,4.5476738532,-0.3657444681
Puerto Rico,2013,34913.6227379677,0.43625,,,4.5429949148,-0.36026456
Puerto Rico,2009,33892.8380041531,0.45131,,,4.5301079358,-0.3455250434
Romania,2015,20545.077142089,0.48765,,,4.3127077763,-0.3118917714
Romania,2014,19667.0588821069,0.38258,,,4.293739418,-0.4172777372
Romania,2013,19008.7617215183,0.38694,,,4.2789538268,-0.4123563727
Romania,2012,18292.2973326074,0.48281,,,4.262268252,-0.3162237433
Romania,2011,18095.0619155216,0.49324,,,4.2575600735,-0.3069417109
Romania,2010,17818.0657093956,0.45196,,,4.2508605562,-0.3449
Romania,2009,17855.1142839411,0.46123,,,4.2517626343,-0.3360824524
Romania,2008,19053.4583673121,0.56884,,,4.2799738154,-0.2450098722
Romania,2007,17277.1170521346,0.52089,,,4.2374712756,-0.28325398
Romania,2006,15930.3507315765,0.45124,,,4.2022253376,-0.3455924094
Romania,2005,14655.6622204583,0.40816,,,4.1660054469,-0.3891695587
Romania,2004,13982.1159416568,0.38268,,,4.145572899,-0.4171642347
Romania,2003,12830.2464433155,0.38295,,,4.1082349984,-0.4168579261
Romania,2002,12071.1933783991,0.37542,,,4.0817502073,-0.4254825946
Romania,2001,11268.0638083776,0.38927,,,4.0518492976,-0.4097490649
Romania,2000,10523.4464808532,0.36445,,,4.0221579967,-0.4383620454
Russian Federation,2015,24516.549950283,1.13202,,,4.3894593548,0.0538540998
Russian Federation,2014,25284.5862019953,1.08797,,,4.4028558505,0.0366169202
Russian Federation,2013,25551.0899736474,1.05605,,,4.4074094313,0.0236844809
Russian Federation,2012,25156.4209403763,1.04614,,,4.4006488531,0.019589808
Russian Federation,2011,24310.0439655517,1.02249,,,4.3857857443,0.0096590693
Russian Federation,2010,23107.7852212822,1.1304,,,4.3637583223,0.0532321488
Russian Federation,2009,22121.8524916712,1.25215,,,4.3448214921,0.0976563578
Russian Federation,2008,24005.996684608,1.04376,,,4.3803197418,0.0186006494
Russian Federation,2007,22798.9708291645,1.11771,,,4.3579152429,0.0483291365
Russian Federation,2006,20970.1899029963,1.07363,,,4.3216023634,0.0308546383
Russian Federation,2005,19325.9357374613,1.06845,,,4.2861405311,0.0287542034
Russian Federation,2004,18098.3670811204,1.15318,,,4.2576393926,0.0618971017
Russian Federation,2003,16818.7426277675,1.28684,,,4.2257935247,0.109524552
Russian Federation,2002,15604.1494910601,1.25004,,,4.1932401023,0.0969239102
Russian Federation,2001,14829.0829751786,1.17741,,,4.1711142953,0.07092772
Russian Federation,2000,14050.8513351824,1.04921,,,4.1477026388,0.0208624212
Serbia,2015,13277.8001173574,0.8661,,,4.1231261265,-0.0624319614
Serbia,2014,13112.9089581967,0.76942,,,4.117699046,-0.113836529
Serbia,2013,13294.9603016578,0.72617,,,4.1236870449,-0.1389616969
Serbia,2012,12898.7049144274,0.90798,,,4.1105461075,-0.0419237175
Serbia,2011,12967.918642956,0.72387,,,4.1128702772,-0.1403394219
Serbia,2010,12688.1242898741,0.74359,,,4.1033974242,-0.1286664594
Serbia,2009,12563.7870873229,0.86614,,,4.099120568,-0.0624119044
Serbia,2008,12915.965650617,0.71082,,,4.1111268814,-0.1482403612
Serbia,2007,12206.0390617769,0.61887,,,4.0865747555,-0.2084005694
Serbia,2006,11480.5847390216,0.46569,,,4.0599640085,-0.3319030878
Serbia,2005,10900.912413629,0.41717,,,4.0374628502,-0.3796869306
Serbia,2004,10297.6765743678,0.30474,,,4.0127392475,-0.5160705368
Serbia,2003,9421.3715653761,0.52145,,,3.9741141321,-0.2827873282
Serbia,2002,9003.7951925316,0.67816,,,3.9544256076,-0.1686678299
Serbia,2001,8397.9238280117,0.32113,,,3.9241719311,-0.4933191207
Serbia,2000,7984.8362472654,0.89833,,,3.9022660141,-0.0465640967
Slovak Republic,2015,28308.8797698535,1.17845,,,4.4519226839,0.0713111607
Slovak Republic,2014,27285.284673711,0.88172,,,4.4359284892,-0.054669308
Slovak Republic,2013,26580.7178548938,0.82362,,,4.4245667056,-0.0842731159
Slovak Republic,2012,26218.4716043616,0.80495,,,4.4186073711,-0.0942310953
Slovak Republic,2011,25835.0047572051,0.66326,,,4.4122085459,-0.1783161934
Slovak Republic,2010,25159.0775487579,0.61614,,,4.4006947138,-0.2103205958
Slovak Republic,2009,23973.8413853129,0.47326,,,4.3797376276,-0.3249002006
Slovak Republic,2008,25382.1684009197,0.46204,,,4.4045287212,-0.3353204248
Slovak Republic,2007,24049.9833717541,0.44824,,,4.3811147804,-0.3484893905
Slovak Republic,2006,21712.1783648146,0.47563,,,4.336703398,-0.3227307604
Slovak Republic,2005,20020.8375943888,0.49401,,,4.3014822427,-0.3062642598
Slovak Republic,2004,18756.5539505275,0.50149,,,4.2731530506,-0.2997377226
Slovak Republic,2003,17815.829837356,0.56247,,,4.250806056,-0.2499006362
Slovak Republic,2002,16888.9431922391,0.56389,,,4.2276024749,-0.2488056071
Slovak Republic,2001,16152.2710836105,0.62565,,,4.2082335948,-0.2036685511
Slovak Republic,2000,15605.1961129724,0.63927,,,4.1932692309,-0.1943156759
Slovenia,2015,29037.7416756681,2.21174,,,4.4629628374,0.3447340724
Slovenia,2014,28417.656441512,2.38461,,,4.4535882595,0.3774173609
Slovenia,2013,27622.6855482922,2.60323,,,4.4412658995,0.4155125405
Slovenia,2012,27976.9163065514,2.57845,,,4.4467998436,0.4113587142
Slovenia,2011,28804.7015194266,2.42358,,,4.4594633793,0.3844573599
Slovenia,2010,28678.3726303687,2.05763,,,4.4575545034,0.3133672833
Slovenia,2009,28451.5455225073,1.81629,,,4.4541058628,0.2591851918
Slovenia,2008,31137.7763671714,1.62564,,,4.4932875952,0.2110243769
Slovenia,2007,30190.723646843,1.42382,,,4.4798735228,0.1534550891
Slovenia,2006,28389.3382006689,1.53291,,,4.4531552686,0.1855166574
Slovenia,2005,26955.4759051744,1.41229,,,4.4306470038,0.149923884
Slovenia,2004,25962.9085086601,1.36806,,,4.4143533429,0.136105145
Slovenia,2003,24896.119087735,1.24528,,,4.3961316527,0.0952670131
Slovenia,2002,24222.7057674997,1.43874,,,4.3842226538,0.1579823181
Slovenia,2001,23356.7055188022,1.46773,,,4.3684115852,0.1666461712
Slovenia,2000,22723.3270446698,1.3563,,,4.3564719191,0.1323557618
South Africa,2013,12340.2143221535,0.72283,,,4.0913227025,-0.140963831
South Africa,2012,12215.2405527557,0.7345,,,4.0869020239,-0.1340081999
South Africa,2011,12118.7378564659,0.7354,,,4.0834573912,-0.1334763745
South Africa,2010,11887.8013418852,0.7365,,,4.0751015389,-0.1328272488
South Africa,2009,11676.0413098972,0.83485,,,4.0672956229,-0.0783915485
South Africa,2008,11989.8563294705,0.88781,,,4.0788139791,-0.0516799675
South Africa,2007,11741.3495027811,0.88266,,,4.0697180158,-0.0542065541
South Africa,2006,11261.9562626009,0.89786,,,4.0516138364,-0.046791376
South Africa,2005,10783.1916101722,0.86276,,,4.0327473224,-0.0641099982
South Africa,2004,10364.3597519917,0.81149,,,4.0155424791,-0.0907168276
South Africa,2003,10037.4183732262,0.75809,,,4.0016220265,-0.1202792321
South Africa,2001,9661.1623573877,0.71315,,,3.9850293806,-0.1468191135
Spain,2015,32291.1551993266,1.21961,,,4.509083582,0.0862209766
Spain,2014,31195.4052422035,1.23277,,,4.4940906317,0.0908820571
Spain,2013,30678.9172969914,1.26328,,,4.4868400287,0.1014996205
Spain,2012,31109.1874649142,1.28765,,,4.492888668,0.1097978322
Spain,2011,32068.2709273108,1.32564,,,4.5060755441,0.1224256001
Spain,2010,32507.0939660629,1.35078,,,4.5119781466,0.1305846217
Spain,2009,32652.5121822546,1.35016,,,4.5139166002,0.1303852374
Spain,2008,34163.9463911854,1.31262,,,4.5335680317,0.1181390172
Spain,2007,34329.6470032958,1.2354,,,4.5356693378,0.091807597
Spain,2006,33700.8521141386,1.16982,,,4.527640882,0.0681190421
Spain,2005,32901.9877322306,1.09526,,,4.5172221361,0.0395172271
Spain,2004,32261.4444925784,1.039,,,4.5086838088,0.0166155476
Spain,2003,31815.4213391699,1.02279,,,4.5026376791,0.0097864732
Spain,2002,31395.2760183926,0.96042,,,4.4968643056,-0.0175388047
Spain,2001,30950.5732327814,0.88959,,,4.490668697,-0.0508101077
Spain,2000,29967.1314474464,0.88529,,,4.4766451728,-0.0529144414
Sweden,2015,45679.2779973863,3.26285,,,4.6597192309,0.5135971088
Sweden,2014,44167.6318669891,3.14335,,,4.6451041143,0.4973927407
Sweden,2013,43475.8013408384,3.30597,,,4.6382475956,0.5192989083
Sweden,2012,43308.2144684442,3.28562,,,4.6365702788,0.5166173335
Sweden,2011,43755.0604392612,3.24615,,,4.6410282881,0.5113685841
Sweden,2010,42942.5625032962,3.21611,,,4.6328879564,0.5073308944
Sweden,2009,40862.9701317373,3.44809,,,4.6113299302,0.537578593
Sweden,2008,43466.1418421499,3.49277,,,4.6381510929,0.5431699882
Sweden,2007,44051.4676089092,3.2537,,,4.6439603818,0.5123775073
Sweden,2006,42918.010253542,3.49928,,,4.6326395792,0.5439786946
Sweden,2005,41227.308712458,3.38392,,,4.6151849853,0.5294200872
Sweden,2004,40257.9235316632,3.38544,,,4.6048513706,0.5296151212
Sweden,2003,38742.6802606045,3.61093,,,4.5881896624,0.5576190695
Sweden,2001,37330.7049744333,3.91087,,,4.5720661915,0.5922733799
Switzerland,2012,56149.6708620093,2.96635,,,4.7493472149,0.4722223922
Switzerland,2008,56755.8381307405,2.73032,,,4.7540105414,0.4362135504
Switzerland,2004,51505.0923669791,2.67894,,,4.7118501704,0.4279629869
Switzerland,2000,50775.9763390062,2.32571,,,4.7056582829,0.3665555602
Thailand,2015,15236.7064646295,0.6272,,,4.1828911009,-0.2025939503
Thailand,2014,14853.4645255668,0.48465,,,4.1718277633,-0.3145717829
Thailand,2013,14777.9782878173,0.44216,,,4.1696150241,-0.3544205484
Thailand,2011,13535.1332681194,0.36168,,,4.1314625362,-0.441675506
Thailand,2009,12605.373118766,0.23476,,,4.1005557053,-0.6293758992
Thailand,2008,12757.1578402025,0.20324,,,4.1057539289,-0.6919908138
Thailand,2007,12607.081108633,0.20072,,,4.1006145469,-0.6974093517
Thailand,2006,12024.6718264241,0.23273,,,4.0800732326,-0.6331476305
Thailand,2005,11525.3773939815,0.21901,,,4.0616551551,-0.6595360548
Thailand,2004,11134.141346242,0.23843,,,4.0466567303,-0.6226391012
Thailand,2003,10547.8982172169,0.24524,,,4.0231659304,-0.6104086925
Thailand,2002,9914.4303535827,0.23054,,,3.9962677663,-0.6372537112
Thailand,2001,9417.9982543335,0.25207,,,3.9739586056,-0.5984788386
Thailand,2000,9189.0607808989,0.2447,,,3.9632711242,-0.6113660306
Tunisia,2015,10749.8591674414,0.63168,,,4.0314027747,-0.1995028733
Tunisia,2014,10751.4460749743,0.65463,,,4.031466881,-0.184004096
Tunisia,2013,10579.0429428039,0.67065,,,4.02444638,-0.1735040711
Tunisia,2012,10404.223293694,0.68205,,,4.0172096644,-0.1661837867
Tunisia,2011,10120.6771726065,0.70863,,,4.005209572,-0.1495804657
Tunisia,2010,10436.3655998628,0.69026,,,4.0185492846,-0.1609872929
Tunisia,2009,10195.576513237,0.70644,,,4.0084117882,-0.1509247181
Tunisia,2008,10003.2994929286,0.6394,,,4.0001432715,-0.1942273681
Tunisia,2007,9698.4236393168,0.66551,,,3.9867011507,-0.1768454144
Tunisia,2006,9179.4891458256,0.67726,,,3.9628185126,-0.1692445737
Tunisia,2005,8802.9431182439,0.71195,,,3.9446278956,-0.1475505056
Tunisia,2004,8578.4416549561,0.73095,,,3.9334084018,-0.1361123296
Tunisia,2003,8138.2110541629,0.65043,,,3.9105289485,-0.1867994358
Tunisia,2002,7832.0808446838,0.54302,,,3.8938771617,-0.2651841746
Turkey,2014,22401.8804311394,1.00561,,,4.3502844749,0.0024295834
Turkey,2013,21650.7567664874,0.94314,,,4.335473081,-0.0254238357
Turkey,2012,20282.0283759489,0.91988,,,4.307111386,-0.0362688235
Turkey,2011,19660.8894895655,0.85801,,,4.2936031621,-0.0665076505
Turkey,2010,17959.2591065745,0.84251,,,4.2542884163,-0.0744249357
Turkey,2009,16783.4414679524,0.84863,,,4.2248810183,-0.0712816195
Turkey,2008,17836.8051929596,0.72482,,,4.2513170691,-0.1397698317
Turkey,2007,17901.4779322987,0.72256,,,4.2528888875,-0.1411260841
Turkey,2006,17250.7717300974,0.58046,,,4.2368085284,-0.2362277025
Turkey,2005,16309.6832526955,0.59098,,,4.2124455268,-0.2284272163
Turkey,2004,15161.6202534548,0.51834,,,4.1807456149,-0.2853852756
Turkey,2003,14020.9361088652,0.48288,,,4.1467770103,-0.3161607819
Turkey,2002,13468.4990469539,0.52665,,,4.1293191999,-0.2784779115
Turkey,2001,12842.35786008,0.53829,,,4.1086447676,-0.2689836881
Turkey,2000,13862.0504342053,0.47811,,,4.1418274746,-0.3204721726
Ukraine,2015,7464.9398335929,0.61742,,,3.8730263117,-0.2094193066
Ukraine,2014,8243.4735150909,0.64908,,,3.916110247,-0.1877017725
Ukraine,2013,8338.915050346,0.75926,,,3.9211095496,-0.1196094794
Ukraine,2012,8322.1730343667,0.75418,,,3.9202367414,-0.1225249888
Ukraine,2011,8281.8671261235,0.7378,,,3.9181282584,-0.1320613491
Ukraine,2010,7824.4984517144,0.83295,,,3.8934565089,-0.0793810675
Ukraine,2009,7479.3421696163,0.85676,,,3.8738634021,-0.0671408178
Ukraine,2008,8739.6860768423,0.84649,,,3.9414958334,-0.0723781681
Ukraine,2007,8497.059496435,0.85288,,,3.9292686592,-0.0691120697
Ukraine,2006,7828.0811788587,0.94934,,,3.8936553207,-0.0225782199
Ukraine,2005,7246.3510266227,1.03202,,,3.8601193682,0.0136881138
Ukraine,2004,7004.3276760891,1.08187,,,3.845366455,0.0341750781
Ukraine,2003,6201.0632803699,1.11322,,,3.7924661632,0.0465810002
Ukraine,2002,5622.4398486307,0.99736,,,3.7499248179,-0.0011480535
Ukraine,2001,5291.6802250936,1.02424,,,3.723593592,0.0104017325
Ukraine,2000,4797.3802769973,0.96252,,,3.6810041453,-0.0165902376
United Kingdom,2015,38839.1669568199,1.70304,,,4.5892699064,0.2312248485
United Kingdom,2014,38251.7924802929,1.6813,,,4.582651791,0.225645213
United Kingdom,2013,37398.7972183927,1.65949,,,4.5728576351,0.2199746397
United Kingdom,2012,36892.8503113158,1.6075,,,4.5669422098,0.2061509816
United Kingdom,2011,36607.9810897257,1.67974,,,4.5635757784,0.2252420643
United Kingdom,2010,36366.9831782522,1.67911,,,4.5607072757,0.2250791481
United Kingdom,2009,36042.424228706,1.70155,,,4.5568139941,0.2308447154
United Kingdom,2008,37903.3819323998,1.64367,,,4.5786779617,0.2158146286
United Kingdom,2007,38384.2519713226,1.63378,,,4.5841530815,0.2131935753
United Kingdom,2006,37793.6185013342,1.58925,,,4.5774184749,0.2011922201
United Kingdom,2005,37159.7989562295,1.5711,,,4.5700733557,0.1962038286
United Kingdom,2004,36292.1820341162,1.55755,,,4.5598130805,0.1924419971
United Kingdom,2003,35656.1779984626,1.60469,,,4.5521347891,0.2053911462
United Kingdom,2002,34669.5182383112,1.6434,,,4.5399478068,0.2157432826
United Kingdom,2001,33981.3775929392,1.63268,,,4.531240981,0.2129010728
United Kingdom,2000,33266.1164286608,1.64056,,,4.5220021032,0.2149921184
United States,2015,53029.2933612438,2.79385,,,4.72451584,0.4462030854
United States,2014,51931.6121706486,2.75493,,,4.7154318051,0.4401105683
United States,2013,51008.4599710083,2.74019,,,4.7076422117,0.4377806771
United States,2012,50519.5266059597,2.69803,,,4.7034592723,0.4310467744
United States,2011,49790.6654782305,2.77285,,,4.6971479309,0.4429263766
United States,2010,49372.6192042539,2.73395,,,4.693486167,0.4367905677
United States,2009,48557.8676445276,2.82226,,,4.686259607,0.4505970205
United States,2008,50383.8405601926,2.77033,,,4.702291269,0.442531505
United States,2007,51011.4250263085,2.62287,,,4.7076674559,0.4187767657
United States,2006,50598.9483595843,2.54193,,,4.7041414906,0.4051635867
United States,2005,49762.2379013619,2.50479,,,4.6968999032,0.3987713208
United States,2004,48597.3373622248,2.48488,,,4.686612475,0.3953054206
United States,2003,47260.0419368009,2.55523,,,4.6744941027,0.4074299977
United States,2002,46366.5779744928,2.54446,,,4.6662050445,0.405595628
United States,2001,45977.5499913714,2.64375,,,4.6625458253,0.4222203847
United States,2000,45986.0527103166,2.61663,,,4.6626261328,0.4177423163
Uruguay,2014,19827.5649843219,0.33592,,,4.2972693819,-0.4737641384
Uruguay,2013,19270.576091809,0.32068,,,4.284894698,-0.4939281251
Uruguay,2012,18477.3791210225,0.32798,,,4.2666403698,-0.4841526385
Uruguay,2011,17904.7458216669,0.34883,,,4.2529681601,-0.457386172
Uruguay,2010,17082.4046549884,0.34119,,,4.2325490054,-0.4670037061
Uruguay,2009,15900.8292528422,0.41224,,,4.201419774,-0.3848498705
Uruguay,2008,15307.8579506305,0.37982,,,4.1849144235,-0.4204221706
Uruguay,2007,14330.2947164112,0.42508,,,4.1562551222,-0.3715293281
Uruguay,2006,13485.5548638694,0.36566,,,4.1298688202,-0.4369225451
Uruguay,2002,11400.2243271492,0.23837,,,4.0569133972,-0.6227484035
Uruguay,2000,12874.7647589213,0.20937,,,4.1097393026,-0.679085547
Vietnam,2013,5024.4389018207,0.37404,,,3.7010875695,-0.4270819517
Vietnam,2011,4632.7659652366,0.19043,,,3.6658403614,-0.7202646326
Vietnam,2002,2833.7709634295,0.17803,,,3.4523647459,-0.7495068082
