country,date,GDP per Capita,R&D Expenditures
Albania,2008,9153.78820562203,0.15420999999999999
Albania,2007,8754.56951284933,0.08735
Algeria,2005,12322.4842607049,0.06606000000000001
Algeria,2004,11797.184848623601,0.16355
Algeria,2003,11459.8935602271,0.19630999999999998
Algeria,2002,10826.4876450259,0.36662
Algeria,2001,10382.1868362393,0.23012
Argentina,2014,18797.5479465897,0.5885199999999999
Argentina,2013,19482.190295091,0.62017
Argentina,2012,19224.8743997107,0.6359600000000001
Argentina,2011,19629.3518451916,0.56648
Argentina,2010,18712.063077343602,0.56126
Argentina,2009,17168.3789365496,0.58608
Argentina,2008,18436.8624668727,0.47041000000000005
Argentina,2007,17900.7063421587,0.45801000000000003
Argentina,2006,16592.264892395,0.45021000000000005
Argentina,2005,15518.6785097698,0.41897
Argentina,2004,14410.1505153775,0.40386
Argentina,2003,13361.4000434323,0.41003
Argentina,2002,12412.6059887095,0.38834
Argentina,2001,14085.5751760246,0.42413
Argentina,2000,14899.870045871101,0.43915
Armenia,2009,6532.96423059787,0.29109
Armenia,2008,7558.36164780203,0.22426999999999997
Armenia,2007,7010.62705596386,0.21101999999999999
Armenia,2006,6110.2261914070805,0.24023000000000003
Armenia,2005,5356.614423713279,0.25794
Armenia,2004,4673.98472583689,0.25631
Armenia,2003,4206.97511756609,0.32201
Armenia,2002,3669.4433904877706,0.25301
Armenia,2001,3224.14127527107,0.27889
Armenia,2000,2924.7473797168,0.19130999999999998
Armenia,2015,8195.93364956571,0.25069
Armenia,2014,7971.11792762162,0.24144000000000002
Armenia,2013,7727.92909156213,0.22195
Armenia,2012,7511.132482147379,0.23833000000000001
Armenia,2011,7022.10394338388,0.27
Armenia,2010,6702.848006279411,0.2414
Australia,2013,42867.167107896,2.20207
Australia,2011,41782.2849420662,2.24574
Australia,2010,41384.9235523277,2.3780799999999997
Australia,2008,41316.6000535698,2.39823
Australia,2006,39426.0204015126,2.18208
Australia,2004,38148.9191860349,1.85465
Australia,2002,36400.7274378688,1.75453
Australia,2000,35281.3953623126,1.57596
Austria,2015,44353.8752139122,3.0718099999999997
Austria,2014,44345.3096528388,3.06054
Austria,2013,44303.444636945,2.96325
Austria,2012,44551.61757411731,2.92992
Austria,2011,44452.732745799905,2.67843
Austria,2010,43336.1978527647,2.7343900000000003
Austria,2009,42618.528838760896,2.6153
Austria,2008,44417.78060376691,2.58495
Austria,2007,43878.134032345,2.4354
Austria,2006,42482.1005452241,2.37541
Austria,2005,41308.639098049796,2.38332
Austria,2004,40719.3500830979,2.1692299999999998
Austria,2003,39893.3519596778,2.18268
Austria,2002,39787.3057714365,2.0727
Austria,2001,39332.248855135294,1.9968599999999999
Austria,2000,38956.9807260522,1.8913900000000001
Azerbaijan,2015,16698.8636532538,0.22244
Azerbaijan,2014,16715.105521305803,0.20990999999999999
Azerbaijan,2013,16593.1887600482,0.21141
Azerbaijan,2012,15888.2179950886,0.21724000000000002
Azerbaijan,2011,15754.1523626148,0.21084
Azerbaijan,2010,15950.2574578784,0.21848
Azerbaijan,2009,15393.893290805501,0.24975999999999998
Azerbaijan,2008,14364.9942336723,0.16554000000000002
Azerbaijan,2007,13243.212855911299,0.17006
Azerbaijan,2006,10711.1822716451,0.17165
Azerbaijan,2005,8051.6748380624795,0.21994
Azerbaijan,2004,6435.4481294711795,0.29830999999999996
Azerbaijan,2003,5891.13710833521,0.32495999999999997
Azerbaijan,2002,5338.07631838764,0.30155
Azerbaijan,2001,4862.6190309313,0.34001
Azerbaijan,2000,4458.99842303434,0.336
Bahrain,2014,43837.3440580026,0.10116
Belarus,2015,17229.5551904045,0.51672
Belarus,2014,17944.2098463253,0.52354
Belarus,2013,17656.1193383189,0.6737
Belarus,2012,17479.9293997571,0.6675
Belarus,2011,17166.6956434719,0.70097
Belarus,2010,16235.1714534334,0.6955100000000001
Belarus,2009,15035.699645671799,0.64477
Belarus,2008,14972.269458518402,0.74028
Belarus,2007,13539.6024068277,0.9616899999999999
Belarus,2006,12410.3301926286,0.66038
Belarus,2005,11213.249431246699,0.6781699999999999
Belarus,2004,10180.002986162901,0.62749
Belarus,2003,9072.0661853019,0.61088
Belarus,2002,8416.04256596209,0.6218100000000001
Belarus,2001,7960.98605535452,0.7076600000000001
Belarus,2000,7562.88399875478,0.7224
Belgium,2015,41722.9218634283,2.45668
Belgium,2014,41384.1473316774,2.4624900000000003
Belgium,2013,40928.136605998996,2.43512
Belgium,2012,41046.481185763,2.35915
Belgium,2011,41248.725342013,2.15594
Belgium,2010,41085.9189401366,2.05137
Belgium,2009,40355.5731175835,1.98413
Belgium,2008,41619.3400813337,1.9244900000000003
Belgium,2007,41623.441739959504,1.8425900000000002
Belgium,2006,40532.2730382074,1.8123900000000002
Belgium,2005,39802.9722724017,1.7850700000000002
Belgium,2004,39201.5271563108,1.80723
Belgium,2003,37990.7133086751,1.82949
Belgium,2002,37856.8647131311,1.8911799999999999
Belgium,2001,37361.718437763,2.02007
Belgium,2000,37188.6436930907,1.9240099999999998
Bermuda,2013,50669.3147696996,0.22771
Bermuda,2012,52137.3003731125,0.26899999999999996
Bermuda,2011,54984.510394777695,0.2979
Bermuda,2010,56395.007800353895,0.20845999999999998
Bermuda,2009,57151.9191321066,0.20903000000000002
Bermuda,2008,60675.9820859495,0.19247
Bermuda,2007,60117.4599095649,0.18397
Bolivia,2009,5278.03826758065,0.15665
Bolivia,2002,4431.30610689627,0.27663000000000004
Bolivia,2001,4403.71693251038,0.29358
Bolivia,2000,4412.255625581,0.28744000000000003
Bosnia and Herzegovina,2015,10932.0487091922,0.21896999999999997
Bosnia and Herzegovina,2014,10516.6948372653,0.25777
Bosnia and Herzegovina,2013,10284.6862672289,0.32175
Bosnia and Herzegovina,2012,9929.47179575646,0.26563000000000003
Bosnia and Herzegovina,2009,9573.73887363665,0.02107
Bosnia and Herzegovina,2008,9824.105696962959,0.018430000000000002
Bosnia and Herzegovina,2007,9278.97388549683,0.02522
Bosnia and Herzegovina,2006,8763.509253724671,0.01969
Bosnia and Herzegovina,2005,8311.68843452059,0.02696
Bosnia and Herzegovina,2004,7642.8446379287,0.01611
Bosnia and Herzegovina,2003,7207.32345528631,0.01854
Botswana,2013,15568.2733737967,0.5423
Botswana,2012,14244.4943119099,0.25388
Botswana,2005,11583.219590243601,0.53286
Brazil,2014,15370.9963698253,1.16755
Brazil,2013,15430.2682759225,1.19828
Brazil,2012,15118.138451117,1.12795
Brazil,2011,14973.0984736747,1.1413200000000001
Brazil,2010,14539.0845345652,1.15869
Brazil,2009,13653.013958116202,1.11968
Brazil,2008,13806.014920354699,1.12896
Brazil,2007,13271.047044205601,1.08149
Brazil,2006,12644.9392239091,0.9878399999999999
Brazil,2005,12299.3797443019,1.00273
Brazil,2004,12058.3213738903,0.9623299999999999
Brazil,2003,11542.578820410601,0.9982
Brazil,2002,11560.037274901799,0.97667
Brazil,2001,11369.0138803598,1.0287899999999999
Brazil,2000,11370.729455121102,1.00084
Brunei Darussalam,2004,83942.2194070735,0.03701
Brunei Darussalam,2003,84970.73553118401,0.01842
Brunei Darussalam,2002,84125.4405877487,0.01592
Bulgaria,2015,17000.1672471067,0.95657
Bulgaria,2014,16302.3128852496,0.79492
Bulgaria,2013,15997.334590947099,0.6349100000000001
Bulgaria,2012,15772.086000638701,0.6047899999999999
Bulgaria,2011,15676.1441294193,0.53191
Bulgaria,2010,15283.2684107728,0.56387
Bulgaria,2009,14984.5927868509,0.49566000000000004
Bulgaria,2008,15442.137732219198,0.4458
Bulgaria,2007,14795.878526782,0.42683000000000004
Bulgaria,2006,13640.5277010349,0.44313
Bulgaria,2005,12680.9574782327,0.4434
Bulgaria,2004,11736.5517809625,0.47200000000000003
Bulgaria,2003,10931.6655247109,0.47379
Bulgaria,2002,10321.3476356398,0.46593999999999997
Bulgaria,2001,9526.40570122381,0.44861
Bulgaria,2000,8958.10255483821,0.49885
Burkina Faso,2009,1392.20019360498,0.20015
Burkina Faso,2008,1393.69699328809,0.18674000000000002
Burkina Faso,2007,1338.83837475586,0.1108
Burkina Faso,2005,1266.36153727954,0.17065999999999998
Burkina Faso,2004,1200.41706167989,0.2416
Burkina Faso,2003,1183.09487974235,0.27166999999999997
Burkina Faso,2002,1129.74053824911,0.33931
Burkina Faso,2001,1114.20225286606,0.19075
Burundi,2011,771.509423734821,0.12128
Burundi,2010,763.831930213843,0.1378
Burundi,2009,760.061723427025,0.14436
Burundi,2008,759.339932485036,0.15425999999999998
Burundi,2007,747.676474687463,0.2003
Cabo Verde,2011,5991.7784903417505,0.07261000000000001
Cambodia,2015,3290.95245385442,0.11827
Cambodia,2002,1525.4380127541199,0.04974
Canada,2014,43079.1425247165,1.61548
Canada,2013,42339.3788754169,1.6916400000000003
Canada,2012,41794.538917684506,1.79709
Canada,2011,41565.2712210369,1.79853
Canada,2010,40699.3551293841,1.84066
Canada,2009,39924.195901306404,1.91904
Canada,2008,41611.2508139689,1.8637
Canada,2007,41647.387809212596,1.91287
Canada,2006,41203.3504026759,1.9516099999999998
Canada,2005,40471.2605251176,1.97345
Canada,2004,39604.3548611707,2.0059400000000003
Canada,2003,38805.6711138179,1.97528
Canada,2002,38500.317077012405,1.9778200000000001
Canada,2001,37712.1282353891,2.02921
Canada,2000,37431.9169780243,1.86873
Chile,2015,22536.6176878913,0.38444
Chile,2014,22226.452473561898,0.37655
Chile,2013,21998.3071454447,0.39119
Chile,2012,21330.2399109073,0.36486
Chile,2011,20437.704525923,0.35436
Chile,2010,19442.0503154635,0.33098
Chile,2009,18547.4615343093,0.35307
Chile,2008,19031.6164297818,0.37518
Chile,2007,18572.5683881681,0.3106
China,2015,13569.8915267324,2.0655799999999997
China,2014,12758.647789259,2.02106
China,2013,11951.2479591608,1.99102
China,2012,11145.751575493501,1.9071099999999999
China,2011,10384.3665989406,1.7764799999999998
China,2010,9525.81848339164,1.71007
China,2009,8651.72590128034,1.6624900000000002
China,2008,7947.78795240087,1.44251
China,2007,7285.27441480908,1.37416
China,2006,6411.0425444815,1.3712799999999998
China,2005,5719.455365995389,1.31015
China,2004,5164.64109457187,1.2137799999999999
China,2003,4718.32634605353,1.12382
China,2002,4314.7913425632205,1.05541
China,2001,3980.36449828146,0.9391700000000001
China,2000,3700.7436478684203,0.89566
Colombia,2015,12985.383134526599,0.24176999999999998
Colombia,2014,12715.967391439799,0.25053000000000003
Colombia,2013,12296.2955351848,0.27318000000000003
Colombia,2012,11840.2404334565,0.21866999999999998
Colombia,2011,11496.477705438101,0.20294
Colombia,2010,10900.505282161601,0.18933
Colombia,2009,10599.9626049907,0.18955999999999998
Colombia,2008,10547.2603938218,0.19289
Colombia,2007,10306.9474882958,0.17704
Colombia,2006,9760.13492630678,0.14857
Colombia,2005,9263.73017273061,0.14995
Colombia,2004,8963.595329347421,0.15342
Colombia,2003,8625.24656969163,0.15621
Colombia,2002,8415.7591194705,0.13962
Colombia,2001,8327.07075920399,0.13174
Colombia,2000,8308.22294990052,0.1297
"Congo, Dem. Rep.",2009,588.393410590813,0.07981
"Congo, Dem. Rep.",2008,591.350894930251,0.08536
"Congo, Dem. Rep.",2007,575.332013426892,0.13913
"Congo, Dem. Rep.",2006,559.390893518448,0.06114
"Congo, Dem. Rep.",2005,548.508795945046,0.05799
"Congo, Dem. Rep.",2004,533.5363627549659,0.268
Costa Rica,2014,14392.042244228,0.5769
Costa Rica,2013,14035.2879800483,0.55704
Costa Rica,2012,13878.047402645901,0.55538
Costa Rica,2011,13397.230542238602,0.46718000000000004
Costa Rica,2010,12999.992193144199,0.48485
Costa Rica,2009,12543.9779041253,0.52091
Costa Rica,2008,12834.936163935601,0.38855
Costa Rica,2007,12433.2015695093,0.35885
Costa Rica,2006,11656.2142927348,0.42741999999999997
Costa Rica,2004,10768.7413593648,0.37473
Costa Rica,2003,10473.9163443814,0.36325
Costa Rica,2000,9878.288690759491,0.41286999999999996
Croatia,2015,20759.0481463138,0.85439
Croatia,2014,20136.2186593413,0.79104
Croatia,2013,20153.4681736144,0.81455
Croatia,2012,20313.5370341477,0.75217
Croatia,2011,20704.4371932848,0.75143
Croatia,2010,20118.2108286706,0.74479
Croatia,2009,20414.1928479761,0.84416
Croatia,2008,22014.714682430298,0.88333
Croatia,2007,21564.5120242025,0.79301
Croatia,2006,20489.85593493,0.74119
Croatia,2005,19545.361263237,0.85619
Croatia,2004,18776.7371047218,1.0302799999999999
Croatia,2003,18036.1271816318,0.95216
Croatia,2002,17086.4766914874,0.9462299999999999
Croatia,2001,16234.7259306183,0.9177200000000001
Croatia,2000,15745.3204570369,1.0455
Cyprus,2015,30549.1009696787,0.45585
Cyprus,2014,29786.174393936803,0.47868999999999995
Cyprus,2013,29879.5672096594,0.46268000000000004
Cyprus,2012,31690.7027653422,0.42801999999999996
Cyprus,2011,33192.3798467826,0.45047
Cyprus,2010,33941.138015835495,0.44663
Cyprus,2009,34387.348365287995,0.44442
Cyprus,2008,35960.3527189252,0.38600999999999996
Cyprus,2007,35502.955970751296,0.39826
Cyprus,2006,34599.024510008996,0.37724
Cyprus,2005,33662.852895003,0.36196999999999996
Cyprus,2004,32924.933503185,0.33368000000000003
Cyprus,2003,31909.9326343317,0.3177
Cyprus,2002,31519.724060679502,0.27491
Cyprus,2001,30834.9098059246,0.23314000000000001
Cyprus,2000,30085.7741218715,0.2225
Czech Republic,2015,30605.420521147098,1.94865
Czech Republic,2014,29119.616611907404,1.97458
Czech Republic,2013,28379.7461179156,1.8988599999999998
Czech Republic,2012,28527.1387345992,1.78227
Czech Republic,2011,28797.417961169103,1.55716
Czech Republic,2010,28352.949396440297,1.3411
Czech Republic,2009,27803.5871622193,1.29782
Czech Republic,2008,29373.1092319296,1.2406
Czech Republic,2007,28844.0671946539,1.30572
Czech Republic,2006,27473.6271233445,1.23271
Czech Republic,2005,25781.2047057911,1.17011
Czech Republic,2004,24233.5969865534,1.1465
Czech Republic,2003,23107.2038753806,1.1516600000000001
Czech Republic,2002,22297.224746109903,1.1068200000000001
Czech Republic,2001,21892.48252523,1.10691
Czech Republic,2000,21193.901714058302,1.1176
Denmark,2015,45458.697148830994,3.0138700000000003
Denmark,2014,45057.0741699595,2.97589
Denmark,2013,44564.4521554649,3.01688
Denmark,2012,44336.812461229696,3.00504
Denmark,2011,44403.394145925704,2.9717700000000002
Denmark,2010,43998.43667162849,2.93477
Denmark,2009,43382.6254590015,3.0768400000000002
Denmark,2008,45865.795957793605,2.77572
Denmark,2007,46373.5166625592,2.5137400000000003
Denmark,2006,46159.9137391637,2.40624
Denmark,2005,44567.9313092661,2.38733
Denmark,2004,43670.4452995124,2.41276
Denmark,2003,42645.5831253435,2.5051799999999997
Denmark,2002,42595.5872217462,2.44191
Denmark,2001,42533.5392582329,2.32725
Ecuador,2014,10901.4185562194,0.44148000000000004
Ecuador,2013,10665.4625828373,0.3799
Ecuador,2012,10322.1789023463,0.33236
Ecuador,2011,9926.90344109607,0.33991
Ecuador,2010,9352.34423681593,0.40297
Ecuador,2009,9183.552557828922,0.39463000000000004
Ecuador,2008,9285.8644065728,0.22779000000000002
Ecuador,2007,8879.63685410588,0.13194
Ecuador,2006,8837.38068581679,0.12863
Ecuador,2003,7808.19220073005,0.05735
Ecuador,2002,7727.71734878832,0.05534
Ecuador,2001,7550.25727509423,0.0515
"Egypt, Arab Rep.",2015,10095.610167712099,0.7226899999999999
"Egypt, Arab Rep.",2014,9879.79935855302,0.64558
"Egypt, Arab Rep.",2013,9814.21213021382,0.64603
"Egypt, Arab Rep.",2012,9822.42018054691,0.51349
"Egypt, Arab Rep.",2011,9823.82328675711,0.5319699999999999
"Egypt, Arab Rep.",2010,9857.46828190066,0.43223
"Egypt, Arab Rep.",2009,9561.847568568659,0.43404
"Egypt, Arab Rep.",2008,9305.414954716121,0.27009
"Egypt, Arab Rep.",2007,8838.52479551261,0.25503000000000003
"Egypt, Arab Rep.",2006,8398.87453511458,0.2589
"Egypt, Arab Rep.",2005,8001.51654058756,0.24119000000000002
"Egypt, Arab Rep.",2004,7800.348918619691,0.2701
"Egypt, Arab Rep.",2000,7388.356411123309,0.19253
El Salvador,2015,7845.1575752544495,0.1302
El Salvador,2014,7707.069459003559,0.08456
El Salvador,2013,7635.721425039441,0.057679999999999995
El Salvador,2012,7532.86122217618,0.030510000000000002
El Salvador,2011,7428.030148893771,0.03112
El Salvador,2010,7299.87131216445,0.06723
El Salvador,2009,7233.6380365962905,0.07744
El Salvador,2008,7500.56927528317,0.11245
El Salvador,2007,7438.8803724574,0.08935
Estonia,2015,27549.581369737796,1.49502
Estonia,2014,27113.6859213723,1.4512200000000002
Estonia,2013,26282.9088374806,1.7260099999999998
Estonia,2012,25691.9996357991,2.12265
Estonia,2011,24543.0674715452,2.30655
Estonia,2010,22740.9720038708,1.58162
Estonia,2009,22187.9264018728,1.39541
Estonia,2008,25968.972807271097,1.25952
Estonia,2007,27383.4695578858,1.06884
Estonia,2006,25298.646049925,1.11666
Estonia,2005,22807.182746954702,0.92364
Estonia,2004,20733.538079236998,0.85193
Estonia,2003,19389.4423083658,0.76777
Estonia,2002,17937.8319791363,0.71649
Estonia,2001,16803.5186789525,0.6994600000000001
Estonia,2000,15703.0274678557,0.60009
Ethiopia,2013,1325.75513657038,0.60468
Ethiopia,2010,1073.82629506882,0.24129
Ethiopia,2007,856.994839947625,0.1712
Ethiopia,2005,732.3804984716401,0.17965
Finland,2015,38941.7636030551,2.9047400000000003
Finland,2014,39017.5372069548,3.17663
Finland,2013,39428.3120606313,3.2926599999999997
Finland,2012,39912.9413580065,3.41594
Finland,2011,40683.527582170296,3.63639
Finland,2010,39848.1344978775,3.7279699999999996
Finland,2009,38867.7994464569,3.7494300000000003
Finland,2008,42574.6411365042,3.5418
Finland,2007,42467.2609961997,3.3383300000000005
Finland,2006,40546.080726104905,3.33017
Finland,2005,39115.7647931549,3.33762
Finland,2004,38188.2510919027,3.32495
Finland,2003,36852.4439237464,3.2927800000000005
Finland,2002,36218.2401573648,3.26376
Finland,2001,35706.1533300355,3.20765
Finland,2000,34887.1787990067,3.25192
France,2015,37765.7508688631,2.23135
France,2014,37531.4282697726,2.2391900000000002
France,2013,37366.9307216323,2.23406
France,2012,37344.5376697004,2.22579
France,2011,37457.2848600019,2.18988
France,2010,36872.2280897097,2.1734400000000003
France,2009,36340.508687855,2.20799
France,2008,37634.9296395514,2.0533200000000003
France,2007,37772.0777505611,2.01554
France,2006,37129.6812135362,2.04889
France,2005,36522.0765589883,2.04676
France,2004,36216.1681701552,2.0872900000000003
France,2003,35494.7817219654,2.10787
France,2002,35456.6763421496,2.1715299999999997
France,2001,35320.4246114363,2.13554
France,2000,34896.387306251,2.07742
Gabon,2009,14822.2342756909,0.5789300000000001
Gabon,2008,15287.983706192701,0.51125
Gabon,2007,16312.4043316918,0.41644
"Gambia, The",2011,1524.75602386833,0.13221
"Gambia, The",2009,1593.00323375703,0.017480000000000002
"Gambia, The",2008,1544.5168243248902,0.020390000000000002
Georgia,2015,9025.133142656121,0.32045999999999997
Georgia,2014,8749.15618927352,0.1849
Georgia,2013,8254.01076569103,0.08367000000000001
Georgia,2005,4902.09293431362,0.17658
Georgia,2004,4414.77666096774,0.2442
Georgia,2003,4116.19608418348,0.2176
Georgia,2002,3658.70749688075,0.18574000000000002
Georgia,2001,3445.5794417115803,0.23848000000000003
Georgia,2000,3263.85926179743,0.2153
Germany,2015,43937.9471317278,2.8774900000000003
Germany,2014,43560.6192440775,2.89227
Germany,2013,42914.4761126655,2.8173
Germany,2012,42822.099403579705,2.86632
Germany,2011,42692.5197566424,2.79885
Germany,2010,40428.7210307617,2.71373
Germany,2009,38784.452482490604,2.72675
Germany,2008,40989.4431148599,2.5988900000000004
Germany,2007,40473.527449889596,2.44948
Germany,2006,39143.1662435764,2.45938
Germany,2005,37703.9329399406,2.4234400000000003
Germany,2004,37418.0924996579,2.42145
Germany,2003,36977.3460076486,2.45669
Germany,2002,37262.3512875562,2.41465
Germany,2001,37325.0525470646,2.38541
Germany,2000,36764.5629268974,2.38769
Ghana,2010,3059.4136985984,0.37655
Ghana,2007,2675.43674965951,0.23156999999999997
Greece,2015,24170.3018369872,0.95673
Greece,2014,24081.6305378246,0.8363700000000001
Greece,2013,23746.0845699961,0.80976
Greece,2012,24364.269063174503,0.70031
Greece,2011,26141.3195918975,0.67206
Greece,2010,28726.0792836873,0.59846
Greece,2009,30430.419418438,0.62434
Greece,2008,31881.712347542798,0.66181
Greece,2007,32073.960396013397,0.5757899999999999
Greece,2006,31136.446958946402,0.56083
Greece,2005,29559.2813870956,0.5796600000000001
Greece,2004,29469.526600524503,0.52653
Greece,2003,28119.4073558205,0.54625
Greece,2001,25731.209271904398,0.5602
Guatemala,2012,6899.10873916764,0.044680000000000004
Guatemala,2011,6844.495640159201,0.048139999999999995
Guatemala,2010,6714.06359554651,0.04351
Guatemala,2009,6669.999874593371,0.05529
Guatemala,2008,6781.8996368361795,0.061860000000000005
Guatemala,2007,6713.1464445112,0.06667999999999999
Guatemala,2006,6458.00089052801,0.049260000000000005
Guatemala,2005,6269.1555847706395,0.03495
Honduras,2004,3568.14841595992,0.04143
Honduras,2003,3440.15435860558,0.0421
Honduras,2002,3372.3572446730896,0.04186
Honduras,2001,3332.93206938922,0.03847
Honduras,2000,3328.5105885392,0.04438
"Hong Kong SAR, China",2015,53595.244814402,0.7612800000000001
"Hong Kong SAR, China",2014,52789.455193264104,0.74015
"Hong Kong SAR, China",2013,51732.4760265572,0.72959
"Hong Kong SAR, China",2012,50378.3323809228,0.72628
"Hong Kong SAR, China",2011,50085.9593288483,0.7225199999999999
"Hong Kong SAR, China",2010,48107.7222260692,0.74792
"Hong Kong SAR, China",2009,45390.4803676521,0.77307
"Hong Kong SAR, China",2008,46635.1355971901,0.7189
"Hong Kong SAR, China",2007,45937.443032906296,0.7519600000000001
"Hong Kong SAR, China",2006,43520.5135691056,0.7964600000000001
"Hong Kong SAR, China",2005,40922.9573744732,0.7746
"Hong Kong SAR, China",2004,38274.3622822337,0.72009
"Hong Kong SAR, China",2003,35486.6627706186,0.67848
"Hong Kong SAR, China",2002,34366.3189941379,0.58028
"Hong Kong SAR, China",2001,33956.2828015822,0.53692
"Hong Kong SAR, China",2000,34016.6779395359,0.46406000000000003
Hungary,2015,25034.450730660497,1.37762
Hungary,2014,24161.4255236519,1.3614
Hungary,2013,23119.016967173302,1.39568
Hungary,2012,22582.072807223398,1.26719
Hungary,2011,22841.2103381104,1.19339
Hungary,2010,22404.2391969471,1.14469
Hungary,2009,22202.1570188671,1.13749
Hungary,2008,23734.2445282406,0.98298
Hungary,2007,23491.7478872702,0.9597399999999999
Hungary,2006,23353.8502011068,0.9832799999999999
Hungary,2005,22452.8159282563,0.9234
Hungary,2004,21466.2223742387,0.86441
Hungary,2003,20397.8448812483,0.9202799999999999
Hungary,2002,19585.7223042541,0.98546
Hungary,2001,18683.9818474509,0.91302
Hungary,2000,17951.735519938302,0.7923899999999999
Iceland,2015,43048.1249676837,2.21493
Iceland,2014,41701.1370921494,2.0299099999999997
Iceland,2013,41259.795921202,1.7735299999999998
Iceland,2011,39621.9356635285,2.49558
Iceland,2009,40189.6328281014,2.65657
Iceland,2008,43336.255053898996,2.54354
Iceland,2007,43488.908041306204,2.58313
Iceland,2006,40789.413633578,2.91379
Iceland,2005,39769.5021811038,2.70886
Iceland,2003,35337.0515426308,2.7358700000000002
Iceland,2002,34735.0257196478,2.86869
Iceland,2001,34936.5112770652,2.8767400000000003
Iceland,2000,34096.8358438119,2.59972
India,2015,5754.0645968093,0.6274
India,2011,4635.879136587,0.8309
India,2010,4404.697005304521,0.8219
India,2009,4049.8051147140995,0.8446100000000001
India,2008,3786.63267681024,0.8672799999999999
India,2007,3698.7774904259795,0.81483
India,2006,3419.9311073531103,0.7981
India,2005,3178.82872375339,0.81118
India,2004,2955.20482377028,0.74436
India,2003,2783.00435524793,0.70727
India,2002,2623.33027850996,0.71213
India,2001,2570.42788703915,0.72196
India,2000,2495.04663284552,0.74306
Indonesia,2013,9643.2748298101,0.08466
Indonesia,2009,8044.97033037879,0.08327000000000001
Indonesia,2001,5934.13704964754,0.04746
Indonesia,2000,5805.808706435,0.06767999999999999
"Iran, Islamic Rep.",2012,16625.919221231397,0.32505
"Iran, Islamic Rep.",2010,17942.8328426148,0.27741
"Iran, Islamic Rep.",2009,17162.053362733797,0.28415999999999997
"Iran, Islamic Rep.",2008,17187.2876265221,0.67201
"Iran, Islamic Rep.",2006,16211.4740638051,0.57624
"Iran, Islamic Rep.",2005,15616.2546585476,0.64178
"Iran, Islamic Rep.",2004,15308.4547866627,0.52274
"Iran, Islamic Rep.",2003,14843.682227816202,0.59396
"Iran, Islamic Rep.",2002,13829.960610498201,0.49733999999999995
"Iran, Islamic Rep.",2001,12965.325828449199,0.50239
Iraq,2015,14928.8863956129,0.037239999999999995
Iraq,2014,14696.6405774947,0.03826
Iraq,2011,13261.601451434699,0.03482
Iraq,2010,12717.5975271684,0.036860000000000004
Iraq,2009,12299.400461379599,0.045489999999999996
Iraq,2008,12217.448463134198,0.03436
Iraq,2007,11575.2873771111,0.04573
Ireland,2014,49327.399323207304,1.51368
Ireland,2013,45722.5324057102,1.5628600000000001
Ireland,2012,45097.0675166764,1.55335
Ireland,2011,45179.830151264694,1.54098
Ireland,2010,44030.414148705495,1.59851
Ireland,2009,43487.4882191988,1.60915
Ireland,2008,46062.646328893396,1.38596
Ireland,2007,48937.5146623164,1.23452
Ireland,2006,47879.0184523247,1.19832
Ireland,2005,46613.5583275408,1.19412
Ireland,2004,44940.960725494006,1.17974
Ireland,2003,42903.6906954887,1.1211
Ireland,2002,42289.079890842404,1.05574
Ireland,2001,40455.3185513234,1.0527
Ireland,2000,38849.888498373795,1.0888
Israel,2015,32024.3527705394,4.2663199999999994
Israel,2014,31702.083536629503,4.28852
Israel,2013,31250.802007063598,4.14179
Israel,2012,30582.153705086097,4.162730000000001
Israel,2011,30558.3912790325,4.01776
Israel,2010,29743.0058727916,3.93949
Israel,2009,28787.498688133903,4.12196
Israel,2008,29082.0688545181,4.3276699999999995
Israel,2007,28744.3565597032,4.40546
Israel,2006,27662.3457586937,4.1310199999999995
Israel,2005,26761.230461956402,4.0395199999999996
Israel,2004,26156.0406384087,3.8747800000000003
Israel,2003,25459.0837426006,3.90125
Israel,2002,25725.467352468902,4.12967
Israel,2001,26206.4363738654,4.1844
Israel,2000,26824.7051153215,3.93039
Italy,2015,34302.0374026544,1.3348799999999998
Italy,2014,33945.8438783585,1.37599
Italy,2013,34219.8327781897,1.31144
Italy,2012,35227.6248251817,1.27345
Italy,2011,36347.342478417595,1.2079600000000001
Italy,2010,36201.1615672134,1.22656
Italy,2009,35710.4200015019,1.2235
Italy,2008,37954.1606640052,1.1652
Italy,2007,38612.0116543642,1.13239
Italy,2006,38243.8063277255,1.08589
Italy,2005,37604.360624075,1.0469
Italy,2004,37434.1000868702,1.05193
Italy,2003,37090.405223617796,1.0625200000000001
Italy,2002,37199.3523731905,1.08144
Italy,2001,37162.42333617,1.0440200000000002
Italy,2000,36535.818767013196,1.00486
Jamaica,2002,8081.1183253905,0.0609
Jamaica,2001,7977.43563407515,0.04956
Japan,2015,37882.980624441,3.2836300000000005
Japan,2014,37337.3174057788,3.3994
Japan,2013,37148.6027499704,3.3161199999999997
Japan,2012,36367.597055316095,3.2088099999999997
Japan,2011,35774.6967129559,3.24747
Japan,2010,35749.756678878395,3.1393
Japan,2009,34317.4897303598,3.22811
Japan,2008,36278.4491876112,3.3353599999999997
Japan,2007,36697.2986801581,3.33764
Japan,2006,36141.606935105,3.27769
Japan,2005,35658.1778676025,3.1818
Japan,2004,35078.2622979493,3.0293200000000002
Japan,2003,34333.1197190267,3.0453200000000002
Japan,2002,33888.7624043212,3.0138599999999998
Japan,2001,33927.5859327266,2.97186
Japan,2000,33871.8297762301,2.90407
Jordan,2008,9714.78233696228,0.4347
Jordan,2002,7775.790134188571,0.33696
Kazakhstan,2015,23522.2905211907,0.16944
Kazakhstan,2014,23586.056456498398,0.16712
Kazakhstan,2013,22972.801874958703,0.17131
Kazakhstan,2012,21987.1883427807,0.16533
Kazakhstan,2011,21277.7063708818,0.15373
Kazakhstan,2010,20096.9180664411,0.15352000000000002
Kazakhstan,2009,18996.0376810875,0.22935
Kazakhstan,2008,19272.2140104254,0.21591
Kazakhstan,2007,18885.2432361362,0.20965
Kazakhstan,2006,17541.3257707568,0.24314000000000002
Kazakhstan,2005,16014.3078566445,0.28363
Kazakhstan,2004,14728.616413366399,0.24838000000000002
Kazakhstan,2003,13532.231200273602,0.25256999999999996
Kazakhstan,2002,12422.5348401171,0.25484
Kazakhstan,2001,11314.2507721604,0.22013000000000002
Kazakhstan,2000,9951.56390556555,0.18103
Kenya,2010,2475.84353728418,0.7856
Kenya,2007,2394.75151869125,0.35544000000000003
"Korea, Rep.",2015,34177.6544703221,4.22816
"Korea, Rep.",2014,33425.689593141804,4.27746
"Korea, Rep.",2013,32548.7155154884,4.14692
"Korea, Rep.",2012,31776.8970259681,4.01812
"Korea, Rep.",2011,31228.510695226603,3.75116
"Korea, Rep.",2010,30352.104819030297,3.4531400000000003
"Korea, Rep.",2009,28642.837902206298,3.2981300000000005
"Korea, Rep.",2008,28588.3721177634,3.13619
"Korea, Rep.",2007,28013.704417344903,3.00975
"Korea, Rep.",2006,26697.032612891202,2.83082
"Korea, Rep.",2005,25516.824187041402,2.6255900000000003
"Korea, Rep.",2004,24605.534861040498,2.53257
"Korea, Rep.",2003,23549.3664532734,2.35126
"Korea, Rep.",2002,22997.1871439252,2.27363
"Korea, Rep.",2001,21530.2633630352,2.34165
"Korea, Rep.",2000,20756.7798971433,2.18087
Kuwait,2013,74084.5214359763,0.30153
Kuwait,2012,77618.000344705,0.09721
Kuwait,2011,77459.5383056761,0.09898
Kuwait,2010,75204.145116617,0.1014
Kuwait,2009,81922.5371179812,0.1122
Kuwait,2008,93698.4616047025,0.0855
Kuwait,2007,96870.42781835349,0.08585
Kuwait,2006,96244.3367147652,0.08478
Kuwait,2005,93469.543135341,0.10082999999999999
Kuwait,2004,87555.1551783092,0.1301
Kuwait,2003,80462.60031895469,0.14347000000000001
Kuwait,2002,69392.7716866202,0.18001
Kuwait,2001,68472.8310932438,0.17882
Kuwait,2000,69920.1756780878,0.12542999999999999
Kyrgyz Republic,2015,3237.60293714448,0.12086
Kyrgyz Republic,2014,3181.64216292265,0.12527
Kyrgyz Republic,2013,3120.542044125,0.14926
Kyrgyz Republic,2012,2869.8389620376897,0.16635
Kyrgyz Republic,2011,2920.6032099095,0.15633
Kyrgyz Republic,2010,2790.1706639431104,0.15573
Kyrgyz Republic,2009,2837.03141885562,0.16015
Kyrgyz Republic,2008,2790.93490017638,0.19016
Kyrgyz Republic,2007,2599.2060176355303,0.23408
Kyrgyz Republic,2006,2417.57947078108,0.22974
Kyrgyz Republic,2005,2370.16604504651,0.19842
Kyrgyz Republic,2004,2401.26500386894,0.19926
Kyrgyz Republic,2003,2270.9246771417397,0.22271999999999997
Kyrgyz Republic,2002,2144.1212497445003,0.1981
Kyrgyz Republic,2001,2164.26829541867,0.17189000000000002
Kyrgyz Republic,2000,2074.50528735026,0.15637
Lao PDR,2002,2698.44130427221,0.03706
Latvia,2015,23018.8161056707,0.6255
Latvia,2014,22172.2535081352,0.6896
Latvia,2013,21563.7214275874,0.61254
Latvia,2012,20827.911604657198,0.66537
Latvia,2011,19773.3837201521,0.69777
Latvia,2010,18251.9532813473,0.61078
Latvia,2009,18609.3328365261,0.45271000000000006
Latvia,2008,21384.3134623671,0.58139
Latvia,2007,21939.0743549416,0.55379
Latvia,2006,19786.2214213667,0.65063
Latvia,2005,17522.2676891768,0.52959
Latvia,2004,15658.9072585605,0.40013000000000004
Latvia,2003,14297.198942904299,0.36002
Latvia,2002,13058.753036388998,0.40888
Latvia,2001,12051.8620617073,0.40321
Latvia,2000,11175.1532940971,0.43598000000000003
Lesotho,2015,2708.1485390433,0.05284
Lesotho,2011,2500.0148712682003,0.01158
Lesotho,2009,2253.83385577082,0.027089999999999996
Lesotho,2004,1909.13494279707,0.05532
Lesotho,2003,1892.66199145186,0.04295
Lesotho,2002,1825.1444057181898,0.04185
Lithuania,2015,27045.713019289,1.04246
Lithuania,2014,26258.210097410298,1.03398
Lithuania,2013,25143.9151132396,0.95081
Lithuania,2012,24049.353977837003,0.8950600000000001
Lithuania,2011,22854.33217107,0.90425
Lithuania,2010,21070.6343301646,0.7834800000000001
Lithuania,2009,20300.5037488854,0.82967
Lithuania,2008,23567.7027097214,0.7884399999999999
Lithuania,2007,22729.2136062761,0.80093
Lithuania,2006,20219.1157060614,0.79119
Lithuania,2005,18526.7326696155,0.74741
Lithuania,2004,16920.0081736565,0.75066
Lithuania,2003,15702.531991813701,0.6633899999999999
Lithuania,2002,14090.5578240276,0.6567
Lithuania,2001,13092.7297971208,0.66679
Lithuania,2000,12189.9621789095,0.5848
Luxembourg,2015,94088.5922250508,1.2877299999999998
Luxembourg,2014,93655.3341630648,1.288
Luxembourg,2013,90656.3804221873,1.3015
Luxembourg,2012,89505.1589621295,1.28839
Luxembourg,2011,92005.0168361444,1.49526
Luxembourg,2010,91743.2938905974,1.5273700000000001
Luxembourg,2009,89098.7342435384,1.71026
Luxembourg,2008,94900.3467241975,1.64367
Luxembourg,2007,97864.1951009914,1.60909
Luxembourg,2006,91724.1824854209,1.6866599999999998
Luxembourg,2005,88610.28986860359,1.58744
Luxembourg,2004,87209.81939834589,1.61855
Luxembourg,2003,85374.33983196621,1.64546
Luxembourg,2000,81689.8164014783,1.59038
"Macao SAR, China",2015,100444.559116062,0.13305
"Macao SAR, China",2014,130755.115536779,0.08687
"Macao SAR, China",2013,135318.913321434,0.05113
"Macao SAR, China",2012,124568.81040467699,0.04804
"Macao SAR, China",2011,116752.21155631801,0.044489999999999995
"Macao SAR, China",2010,98184.3783740954,0.050339999999999996
"Macao SAR, China",2009,80121.3466606599,0.05451
"Macao SAR, China",2008,80762.4791773805,0.10145
"Macao SAR, China",2007,79743.3263622224,0.0573
"Macao SAR, China",2006,71159.9982756337,0.08361
"Macao SAR, China",2005,64199.3927150342,0.08809
"Macao SAR, China",2004,60810.4753999741,0.05372999999999999
"Macao SAR, China",2003,49153.562219092804,0.06283
"Macao SAR, China",2002,45126.6144017633,0.07003999999999999
"Macao SAR, China",2001,42443.1315152077,0.06268
"Macedonia, FYR",2015,12759.8166020197,0.44328999999999996
"Macedonia, FYR",2014,12298.4901835571,0.5180600000000001
"Macedonia, FYR",2013,11877.7736807697,0.43883999999999995
"Macedonia, FYR",2012,11549.668135895101,0.32655
"Macedonia, FYR",2011,11611.851985090401,0.22284
"Macedonia, FYR",2010,11355.3674926425,0.21649000000000002
"Macedonia, FYR",2009,10995.1017943634,0.19660999999999998
"Macedonia, FYR",2008,11043.827731829198,0.22351999999999997
"Macedonia, FYR",2007,10480.624256573,0.17088
"Macedonia, FYR",2006,9854.44774605767,0.19364
"Macedonia, FYR",2005,9386.02697047287,0.22858
"Macedonia, FYR",2004,8976.737029333259,0.2322
"Macedonia, FYR",2003,8590.98702392972,0.2104
"Macedonia, FYR",2002,8422.67618701092,0.24422
"Macedonia, FYR",2001,8323.41467774842,0.29355
"Macedonia, FYR",2000,8620.64919877836,0.41828000000000004
Madagascar,2014,1372.02096103812,0.01549
Madagascar,2011,1367.54308214295,0.10605999999999999
Madagascar,2010,1385.68507168039,0.11352000000000001
Madagascar,2009,1421.1884723577698,0.14706
Madagascar,2008,1523.0198732707902,0.13388
Madagascar,2007,1462.8583228191198,0.13996
Madagascar,2006,1417.27858258664,0.16394
Madagascar,2005,1389.50091191832,0.17540999999999998
Madagascar,2004,1368.18158492365,0.22341
Madagascar,2003,1339.25633149499,0.33835
Madagascar,2002,1257.29355305791,0.24545
Madagascar,2001,1484.4077815789099,0.21816
Madagascar,2000,1444.02942941694,0.11972999999999999
Malaysia,2015,25001.6126731494,1.29813
Malaysia,2014,24194.633908454198,1.2587
Malaysia,2012,22590.791523853102,1.0929799999999998
Malaysia,2011,21818.8756940003,1.03311
Malaysia,2010,21107.267937252298,1.03663
Malaysia,2009,20092.2224297633,1.0098
Malaysia,2008,20988.7003346296,0.78842
Malaysia,2006,19251.1881837218,0.6108399999999999
Malaysia,2004,17976.525576756,0.59996
Malaysia,2002,16554.7826524121,0.6529
Malaysia,2000,16309.9679876812,0.46952
Mali,2010,1871.9847438509803,0.58348
Mali,2007,1784.87848475457,0.21877
Malta,2015,34272.7484497629,0.76923
Malta,2014,32349.9914125911,0.74805
Malta,2013,30188.973382275297,0.7698
Malta,2012,29132.567477300297,0.82868
Malta,2011,28609.9310669839,0.67194
Malta,2010,28329.8766642839,0.61517
Malta,2009,27495.299106985,0.5174
Malta,2008,28402.725402881402,0.5333100000000001
Malta,2007,27662.405876579,0.5485
Malta,2006,26694.8710079973,0.58025
Malta,2005,26311.151212636603,0.52996
Malta,2004,25514.041287276297,0.49256000000000005
Malta,2003,25572.5855399832,0.23706999999999998
Malta,2002,25102.782379697597,0.2385
Mauritius,2012,17093.3209320904,0.17755
Mauritius,2005,12441.7354604277,0.37299
Mauritius,2004,12362.159154114099,0.37845
Mauritius,2003,11763.994553293998,0.33703
Mauritius,2002,11431.4048026629,0.37334
Mauritius,2001,11272.8124765,0.36914
Mauritius,2000,11077.1476177032,0.28973000000000004
Mexico,2015,16671.9119759698,0.55238
Mexico,2014,16459.8199957751,0.53571
Mexico,2013,16315.8627223345,0.5040399999999999
Mexico,2012,16324.4293747474,0.49363999999999997
Mexico,2011,15922.8981563254,0.51374
Mexico,2010,15534.9456319503,0.53565
Mexico,2009,15011.751749703899,0.51945
Mexico,2008,16007.632132737801,0.47279
Mexico,2007,16044.2526223576,0.42995
Mexico,2006,15792.400895055,0.37382
Mexico,2005,15273.0970036182,0.40362
Mexico,2004,15028.1414090261,0.39434
Mexico,2003,14594.0021177851,0.38871999999999995
Mexico,2002,14566.453351752,0.3818
Mexico,2001,14729.132263565702,0.33852
Mexico,2000,15015.152301511102,0.31721
Moldova,2015,4746.7849111142295,0.36967
Moldova,2014,4762.78087267429,0.37071
Moldova,2013,4541.86822214577,0.35248
Moldova,2012,4150.504763177621,0.41733000000000003
Moldova,2011,4179.21480881512,0.40499
Moldova,2010,3910.8605332452703,0.43987
Moldova,2009,3647.9522995365996,0.52557
Moldova,2008,3875.90436411118,0.53463
Moldova,2007,3588.6213176850897,0.5455800000000001
Moldova,2006,3476.03340968826,0.40621999999999997
Moldova,2005,3307.62033414767,0.39865
Moldova,2004,3069.3790085307396,0.34903
Moldova,2003,2850.83168356425,0.32405
Mongolia,2015,11411.9421058207,0.15500999999999998
Mongolia,2014,11348.647341239699,0.22366999999999998
Mongolia,2013,10720.0621460769,0.23214
Mongolia,2012,9788.825021764571,0.23897
Mongolia,2011,8881.484750437281,0.23008
Mongolia,2010,7708.5999941359305,0.24429
Mongolia,2009,7367.785987256741,0.30480999999999997
Mongolia,2008,7576.481363317379,0.33644
Mongolia,2007,7055.13810573418,0.2381
Mongolia,2006,6483.53499783213,0.19109
Mongolia,2005,6047.13473486167,0.23786999999999997
Mongolia,2004,5705.033516652729,0.2679
Mongolia,2003,5214.60300267763,0.25167
Mongolia,2002,4924.35613464894,0.25183
Mongolia,2001,4748.22660232291,0.26786
Mongolia,2000,4655.0226037946995,0.1882
Montenegro,2015,15289.7173970979,0.38019000000000003
Montenegro,2014,14796.639192086,0.3632
Montenegro,2013,14551.446711794399,0.37431
Montenegro,2011,14472.4735391199,0.31485
Montenegro,2007,14092.616957960801,1.14891
Montenegro,2006,12752.9020496365,1.2417200000000002
Montenegro,2005,11761.2652061499,0.92443
Montenegro,2004,11304.672203458998,1.01872
Montenegro,2003,10847.4361317856,0.79774
Morocco,2010,6443.25361319481,0.7142
Morocco,2006,5700.92332732755,0.60763
Morocco,2003,5071.71729952611,0.6313300000000001
Morocco,2002,4843.98989187513,0.52642
Morocco,2001,4754.19233348353,0.6068399999999999
Mozambique,2015,1118.21953612903,0.33732
Mozambique,2010,917.763832040531,0.42232
Mozambique,2008,857.526881720011,0.15312
Mozambique,2006,791.927644030124,0.45529
Mozambique,2002,650.152478124487,0.4215
Myanmar,2002,1593.45888607089,0.16203
Myanmar,2001,1438.0328017376,0.07141
Myanmar,2000,1306.4432355432598,0.11317999999999999
Namibia,2014,9617.39696003183,0.33695
Namibia,2010,8460.84736812378,0.14165
Nepal,2010,1985.9803406016897,0.30291
Nepal,2009,1914.7059687032602,0.25932
Nepal,2008,1850.0250412581,0.054360000000000006
Netherlands,2015,46494.3642578078,2.01329
Netherlands,2014,45668.441472132195,2.0011900000000002
Netherlands,2013,45191.4862497619,1.95192
Netherlands,2012,45411.352346489504,1.9399400000000002
Netherlands,2011,46066.6524059576,1.90285
Netherlands,2010,45524.6621425733,1.7234200000000002
Netherlands,2009,45125.805918975195,1.6841400000000002
Netherlands,2008,47134.3029916063,1.6435099999999998
Netherlands,2007,46527.6183857825,1.6871099999999999
Netherlands,2006,44965.884996814406,1.7573400000000001
Netherlands,2005,43507.3004303623,1.78974
Netherlands,2004,42686.8868319983,1.8070599999999999
Netherlands,2003,41982.9214289502,1.80434
Netherlands,2002,42062.0472712533,1.7670700000000001
Netherlands,2001,42287.561885314,1.81447
Netherlands,2000,41721.6940459667,1.8058
New Zealand,2013,33841.1802945115,1.15236
New Zealand,2011,32734.5366666969,1.2323899999999999
New Zealand,2009,32122.837567038598,1.2541200000000001
New Zealand,2007,33193.6266341458,1.15561
New Zealand,2005,32064.5518769375,1.12
New Zealand,2003,30652.1096065469,1.14497
New Zealand,2001,29066.9794891868,1.0978299999999999
Nicaragua,2015,4960.91241228007,0.10795
Nicaragua,2014,4784.830460713571,0.09006
Nicaragua,2013,4618.72719135384,0.1038
Nicaragua,2012,4453.25351444377,0.10534
Nicaragua,2011,4231.49751775883,0.08351
Nicaragua,2002,3484.76269046057,0.03493
Nigeria,2007,4551.6054338964595,0.21939
Norway,2015,64008.2868303461,1.93301
Norway,2014,63419.314778542,1.7155099999999999
Norway,2013,62896.290059205996,1.65304
Norway,2012,63003.4108977463,1.61763
Norway,2011,62145.026154912804,1.62869
Norway,2010,62350.4107068751,1.65093
Norway,2009,62698.285355183,1.72364
Norway,2008,64586.1779018675,1.55275
Norway,2007,65083.2586976308,1.56469
Norway,2006,63854.1135353232,1.4529
Norway,2005,62864.7964675944,1.48238
Norway,2004,61675.6007816359,1.5467799999999998
Norway,2003,59678.4475323707,1.67996
Norway,2002,59482.3659600334,1.63077
Norway,2001,58956.3941539921,1.5669
Oman,2015,40138.9517247553,0.24647
Oman,2014,40282.6876772356,0.21264
Oman,2013,41924.4997670512,0.16923
Oman,2012,43029.5713599867,0.20836999999999997
Oman,2011,42121.2621268512,0.13645
Pakistan,2015,4695.69987892337,0.24554
Pakistan,2013,4464.09028934546,0.29266
Pakistan,2011,4309.763713071121,0.32875
Pakistan,2009,4304.46917151952,0.44805
Pakistan,2007,4288.331463000421,0.63249
Pakistan,2005,4013.4270332502897,0.43688
Pakistan,2002,3523.1909675717206,0.2199
Pakistan,2001,3486.71866488672,0.1667
Pakistan,2000,3494.9116318431898,0.12815
Panama,2013,19057.446945750202,0.06309
Panama,2012,18183.8850728397,0.07624
Panama,2011,16939.8831653498,0.17461
Panama,2010,15419.341616565,0.14714000000000002
Panama,2009,14838.548812423998,0.13469
Panama,2008,14867.268424409,0.19558
Panama,2007,13936.017710236101,0.18466
Panama,2006,12671.7663091892,0.23536999999999997
Panama,2005,11877.810013365,0.23183
Panama,2004,11287.428396179599,0.22646
Panama,2003,10695.2483490475,0.32109
Panama,2002,10458.8589930657,0.3422
Panama,2001,10428.088369675,0.36074
Panama,2000,10571.5703139327,0.36264
Paraguay,2015,8639.28684970737,0.12930999999999998
Paraguay,2014,8501.54353959203,0.10315999999999999
Paraguay,2012,7312.4098302436205,0.08803
Paraguay,2011,7504.65364401771,0.05682
Paraguay,2008,6892.40935423393,0.05475
Paraguay,2005,6119.75120915547,0.07482
Paraguay,2004,6088.304300790649,0.07266
Paraguay,2003,5950.84841989156,0.07167000000000001
Paraguay,2002,5807.245893171329,0.08514
Paraguay,2001,5918.0565421110205,0.07418
Peru,2015,11767.5217406878,0.11729
Peru,2014,11545.3876412251,0.10787000000000001
Peru,2013,11430.2557839627,0.08167
Peru,2012,10943.9192691962,0.055310000000000005
Peru,2011,10449.0932552031,0.08283
Peru,2004,7234.490541620891,0.15573
Peru,2003,6978.57006145194,0.10830999999999999
Peru,2002,6784.22222700922,0.10597000000000001
Peru,2001,6516.69315631403,0.11068
Peru,2000,6563.267934906429,0.1124
Philippines,2013,6306.74606638475,0.13839
Philippines,2011,5707.20484246942,0.11724000000000001
Philippines,2009,5284.865122665739,0.1139
Philippines,2007,5181.0034100741905,0.10967
Philippines,2005,4778.97122024301,0.11139
Philippines,2003,4441.674976061679,0.12989
Philippines,2002,4318.7371954213795,0.13738
Poland,2015,25299.9743484897,1.00337
Poland,2014,24347.0736576846,0.94001
Poland,2013,23555.496214953397,0.8689
Poland,2012,23218.1112952256,0.88055
Poland,2011,22850.6388460286,0.74438
Poland,2010,21770.6444359772,0.71836
Poland,2009,20952.8016743906,0.66204
Poland,2008,20391.9002245226,0.59738
Poland,2007,19563.2976317127,0.56076
Poland,2006,18267.5880180759,0.55073
Poland,2005,17193.5237317708,0.56308
Poland,2004,16605.8184287535,0.55255
Poland,2003,15785.4208615325,0.53879
Poland,2002,15232.130146219399,0.55758
Poland,2001,14920.4597322179,0.6228199999999999
Poland,2000,14732.481997551398,0.64205
Portugal,2015,26607.8331233896,1.27885
Portugal,2014,26023.6976953306,1.2903200000000001
Portugal,2013,25654.614310715202,1.32851
Portugal,2012,25805.8498346706,1.38103
Portugal,2011,26780.2149060404,1.45821
Portugal,2010,27238.4606724422,1.53198
Portugal,2009,26743.1979904258,1.5837700000000001
Portugal,2008,27590.3747959133,1.44418
Portugal,2007,27575.2364597729,1.1272799999999998
Portugal,2006,26957.636370297798,0.9559799999999999
Portugal,2005,26593.285703727797,0.75542
Portugal,2004,26439.933182764198,0.73049
Portugal,2003,26031.6492838373,0.69834
Portugal,2002,26375.964355484703,0.71958
Portugal,2001,26318.477851597203,0.76355
Portugal,2000,25999.490687324,0.7239
Puerto Rico,2015,35291.8035605986,0.43078
Puerto Rico,2013,34913.6227379677,0.43625
Puerto Rico,2009,33892.8380041531,0.45131000000000004
Qatar,2012,125302.08000142,0.47865
Romania,2015,20545.077142088998,0.48765
Romania,2014,19667.0588821069,0.38258000000000003
Romania,2013,19008.7617215183,0.38694
Romania,2012,18292.2973326074,0.48281
Romania,2011,18095.0619155216,0.49323999999999996
Romania,2010,17818.0657093956,0.45196000000000003
Romania,2009,17855.1142839411,0.46123000000000003
Romania,2008,19053.458367312098,0.56884
Romania,2007,17277.1170521346,0.52089
Romania,2006,15930.350731576498,0.45124
Romania,2005,14655.6622204583,0.40815999999999997
Romania,2004,13982.115941656799,0.38268
Romania,2003,12830.2464433155,0.38295
Romania,2002,12071.193378399099,0.37542
Romania,2001,11268.0638083776,0.38927
Romania,2000,10523.4464808532,0.36445
Russian Federation,2015,24516.549950283,1.13202
Russian Federation,2014,25284.5862019953,1.08797
Russian Federation,2013,25551.089973647402,1.05605
Russian Federation,2012,25156.420940376298,1.04614
Russian Federation,2011,24310.0439655517,1.02249
Russian Federation,2010,23107.785221282204,1.1304
Russian Federation,2009,22121.8524916712,1.25215
Russian Federation,2008,24005.996684608,1.04376
Russian Federation,2007,22798.9708291645,1.11771
Russian Federation,2006,20970.1899029963,1.0736299999999999
Russian Federation,2005,19325.9357374613,1.06845
Russian Federation,2004,18098.3670811204,1.1531799999999999
Russian Federation,2003,16818.7426277675,1.28684
Russian Federation,2002,15604.1494910601,1.25004
Russian Federation,2001,14829.0829751786,1.17741
Russian Federation,2000,14050.8513351824,1.04921
Saudi Arabia,2013,49537.5857290988,0.81806
Saudi Arabia,2012,49658.6526994629,0.88
Saudi Arabia,2011,48524.63248754731,0.9004
Saudi Arabia,2010,45421.2284797446,0.88434
Saudi Arabia,2009,44481.471757093896,0.07334
Saudi Arabia,2008,46678.5535324512,0.049
Saudi Arabia,2007,45130.139560103606,0.04518
Saudi Arabia,2006,45527.2678008895,0.04249
Saudi Arabia,2005,45538.4979692735,0.04233
Saudi Arabia,2004,44390.9576260442,0.05316
Saudi Arabia,2003,42344.410918326204,0.06266000000000001
Senegal,2010,2183.9950514176603,0.5413
Senegal,2008,2166.24105005464,0.36861
Serbia,2015,13277.8001173574,0.8661
Serbia,2014,13112.9089581967,0.76942
Serbia,2013,13294.9603016578,0.72617
Serbia,2012,12898.7049144274,0.9079799999999999
Serbia,2011,12967.918642956001,0.72387
Serbia,2010,12688.124289874098,0.74359
Serbia,2009,12563.7870873229,0.8661399999999999
Serbia,2008,12915.965650617,0.71082
Serbia,2007,12206.039061776899,0.61887
Serbia,2006,11480.584739021599,0.46568999999999994
Serbia,2005,10900.912413629001,0.41717
Serbia,2004,10297.6765743678,0.30474
Serbia,2003,9421.37156537607,0.52145
Serbia,2002,9003.79519253155,0.67816
Serbia,2001,8397.9238280117,0.32113
Serbia,2000,7984.836247265391,0.89833
Seychelles,2005,17812.279948313102,0.30209
Seychelles,2004,16416.5608678926,0.34658
Seychelles,2003,16835.7729500781,0.41183000000000003
Seychelles,2002,17687.641116965602,0.40707
Seychelles,2001,18018.2413480849,0.42525
Singapore,2014,80305.4498844556,2.19754
Singapore,2013,78548.9873103606,2.0121900000000004
Singapore,2012,76028.93737470651,2.00685
Singapore,2011,75013.1866592974,2.15275
Singapore,2010,72105.4139202794,2.01523
Singapore,2009,63688.0828936033,2.15815
Singapore,2008,66036.5992820815,2.62062
Singapore,2007,68422.7924287189,2.33915
Singapore,2006,65376.6827761848,2.13179
Singapore,2005,61964.725862281906,2.16142
Singapore,2004,59018.479260683,2.1046099999999996
Singapore,2003,54552.6568438757,2.02631
Singapore,2002,51471.242980648,2.06343
Singapore,2001,49843.8724449958,2.0204299999999997
Singapore,2000,51698.9597715232,1.82395
Slovak Republic,2015,28308.8797698535,1.17845
Slovak Republic,2014,27285.284673711,0.8817200000000001
Slovak Republic,2013,26580.7178548938,0.82362
Slovak Republic,2012,26218.471604361603,0.80495
Slovak Republic,2011,25835.004757205097,0.6632600000000001
Slovak Republic,2010,25159.0775487579,0.6161399999999999
Slovak Republic,2009,23973.8413853129,0.47326
Slovak Republic,2008,25382.1684009197,0.46203999999999995
Slovak Republic,2007,24049.9833717541,0.44823999999999997
Slovak Republic,2006,21712.1783648146,0.47563
Slovak Republic,2005,20020.8375943888,0.49401000000000006
Slovak Republic,2004,18756.5539505275,0.50149
Slovak Republic,2003,17815.829837356,0.56247
Slovak Republic,2002,16888.943192239098,0.56389
Slovak Republic,2001,16152.2710836105,0.62565
Slovak Republic,2000,15605.1961129724,0.63927
Slovenia,2015,29037.7416756681,2.2117400000000003
Slovenia,2014,28417.656441512,2.38461
Slovenia,2013,27622.685548292204,2.60323
Slovenia,2012,27976.9163065514,2.57845
Slovenia,2011,28804.701519426602,2.42358
Slovenia,2010,28678.3726303687,2.05763
Slovenia,2009,28451.5455225073,1.8162900000000002
Slovenia,2008,31137.776367171402,1.62564
Slovenia,2007,30190.723646843,1.42382
Slovenia,2006,28389.338200668903,1.53291
Slovenia,2005,26955.4759051744,1.41229
Slovenia,2004,25962.908508660097,1.36806
Slovenia,2003,24896.119087735,1.24528
Slovenia,2002,24222.7057674997,1.43874
Slovenia,2001,23356.705518802202,1.46773
Slovenia,2000,22723.3270446698,1.3563
South Africa,2013,12340.2143221535,0.72283
South Africa,2012,12215.2405527557,0.7345
South Africa,2011,12118.737856465901,0.7354
South Africa,2010,11887.8013418852,0.7365
South Africa,2009,11676.0413098972,0.83485
South Africa,2008,11989.8563294705,0.88781
South Africa,2007,11741.3495027811,0.88266
South Africa,2006,11261.956262600901,0.89786
South Africa,2005,10783.1916101722,0.8627600000000001
South Africa,2004,10364.3597519917,0.8114899999999999
South Africa,2003,10037.4183732262,0.7580899999999999
South Africa,2001,9661.16235738766,0.71315
Spain,2015,32291.1551993266,1.21961
Spain,2014,31195.405242203502,1.2327700000000001
Spain,2013,30678.9172969914,1.26328
Spain,2012,31109.1874649142,1.28765
Spain,2011,32068.2709273108,1.32564
Spain,2010,32507.0939660629,1.3507799999999999
Spain,2009,32652.5121822546,1.35016
Spain,2008,34163.9463911854,1.3126200000000001
Spain,2007,34329.6470032958,1.2354
Spain,2006,33700.8521141386,1.16982
Spain,2005,32901.9877322306,1.0952600000000001
Spain,2004,32261.444492578397,1.0390000000000001
Spain,2003,31815.4213391699,1.0227899999999999
Spain,2002,31395.276018392597,0.96042
Spain,2001,30950.5732327814,0.88959
Spain,2000,29967.1314474464,0.8852899999999999
Sri Lanka,2013,10238.7088125126,0.10082999999999999
Sri Lanka,2010,8529.57026066714,0.13694
Sri Lanka,2008,7723.238163143779,0.11445999999999999
Sri Lanka,2006,6921.24498557397,0.17412
Sri Lanka,2004,6143.59195864135,0.18218
Sri Lanka,2000,5541.9089663467,0.14365
St. Vincent and the Grenadines,2002,8150.90974466758,0.12028
St. Vincent and the Grenadines,2001,7677.37151563375,0.04306
Sudan,2005,2712.89040420772,0.29844
Sudan,2004,2593.43288263893,0.29586
Sudan,2003,2566.53408525189,0.33981999999999996
Sudan,2002,2449.97833236488,0.39509
Sudan,2001,2367.773088547,0.44686000000000003
Sudan,2000,2286.65869110256,0.47276999999999997
Sweden,2015,45679.2779973863,3.26285
Sweden,2014,44167.631866989104,3.14335
Sweden,2013,43475.8013408384,3.30597
Sweden,2012,43308.2144684442,3.2856199999999998
Sweden,2011,43755.0604392612,3.24615
Sweden,2010,42942.5625032962,3.21611
Sweden,2009,40862.9701317373,3.44809
Sweden,2008,43466.141842149904,3.4927699999999997
Sweden,2007,44051.4676089092,3.2537
Sweden,2006,42918.010253542,3.49928
Sweden,2005,41227.308712458,3.38392
Sweden,2004,40257.9235316632,3.38544
Sweden,2003,38742.6802606045,3.61093
Sweden,2001,37330.7049744333,3.9108699999999996
Switzerland,2012,56149.6708620093,2.96635
Switzerland,2008,56755.8381307405,2.73032
Switzerland,2004,51505.0923669791,2.6789400000000003
Switzerland,2000,50775.9763390062,2.32571
Tajikistan,2015,2640.58951957932,0.1089
Tajikistan,2014,2546.50048351137,0.11467999999999999
Tajikistan,2013,2440.5869507123803,0.1177
Tajikistan,2012,2324.36928688114,0.11432
Tajikistan,2011,2211.7538219254398,0.12147999999999999
Tajikistan,2010,2106.3387558020604,0.08914
Tajikistan,2009,2022.4609825831199,0.08577
Tajikistan,2008,1991.89316190828,0.06982999999999999
Tajikistan,2007,1886.6656302649103,0.06777999999999999
Tajikistan,2006,1788.11093580258,0.10732
Tajikistan,2005,1706.82115882794,0.0957
Tajikistan,2004,1633.32459521405,0.06697
Tajikistan,2003,1511.41463627328,0.0689
Tajikistan,2002,1388.9172181587,0.07067999999999999
Tajikistan,2001,1277.42144066165,0.08953
Tanzania,2013,2316.4430595867602,0.52889
Tanzania,2010,2090.5832246757395,0.38056
Tanzania,2007,1942.4886163320498,0.33957
Thailand,2015,15236.7064646295,0.6272
Thailand,2014,14853.4645255668,0.48465
Thailand,2013,14777.9782878173,0.44216000000000005
Thailand,2011,13535.1332681194,0.36168
Thailand,2009,12605.373118766001,0.23476
Thailand,2008,12757.1578402025,0.20324
Thailand,2007,12607.081108633001,0.20072
Thailand,2006,12024.671826424099,0.23273000000000002
Thailand,2005,11525.377393981498,0.21900999999999998
Thailand,2004,11134.141346241999,0.23843000000000003
Thailand,2003,10547.8982172169,0.24524
Thailand,2002,9914.4303535827,0.23054000000000002
Thailand,2001,9417.998254333499,0.25206999999999996
Thailand,2000,9189.06078089889,0.2447
Togo,2014,1315.3402595533,0.27121999999999996
Togo,2012,1259.33447441608,0.2241
Togo,2010,1208.2812098328,0.25373
Trinidad and Tobago,2014,31595.5600105422,0.0861
Trinidad and Tobago,2013,31925.77727218,0.05856
Trinidad and Tobago,2012,31254.788733625097,0.04395
Trinidad and Tobago,2011,31012.716418712796,0.04025
Trinidad and Tobago,2010,31260.907047176297,0.0478
Trinidad and Tobago,2009,30403.810016077,0.05679
Trinidad and Tobago,2008,31951.0205997441,0.03077
Trinidad and Tobago,2007,31047.5348427206,0.0592
Trinidad and Tobago,2006,29777.5670461916,0.0723
Trinidad and Tobago,2005,26429.345276788797,0.11395
Trinidad and Tobago,2004,25007.6683952055,0.11441
Trinidad and Tobago,2003,23283.022925538502,0.11500999999999999
Trinidad and Tobago,2002,20443.8786283071,0.13178
Trinidad and Tobago,2001,19021.8496291069,0.10417
Trinidad and Tobago,2000,18323.9582610106,0.10800000000000001
Tunisia,2015,10749.8591674414,0.63168
Tunisia,2014,10751.446074974301,0.65463
Tunisia,2013,10579.0429428039,0.67065
Tunisia,2012,10404.223293694,0.68205
Tunisia,2011,10120.6771726065,0.70863
Tunisia,2010,10436.3655998628,0.69026
Tunisia,2009,10195.576513237,0.70644
Tunisia,2008,10003.2994929286,0.6394
Tunisia,2007,9698.42363931683,0.66551
Tunisia,2006,9179.489145825592,0.6772600000000001
Tunisia,2005,8802.943118243891,0.71195
Tunisia,2004,8578.44165495614,0.73095
Tunisia,2003,8138.211054162859,0.6504300000000001
Tunisia,2002,7832.080844683829,0.54302
Turkey,2014,22401.880431139398,1.0056100000000001
Turkey,2013,21650.7567664874,0.94314
Turkey,2012,20282.0283759489,0.9198799999999999
Turkey,2011,19660.8894895655,0.85801
Turkey,2010,17959.2591065745,0.84251
Turkey,2009,16783.4414679524,0.8486299999999999
Turkey,2008,17836.8051929596,0.72482
Turkey,2007,17901.4779322987,0.7225600000000001
Turkey,2006,17250.7717300974,0.5804600000000001
Turkey,2005,16309.6832526955,0.5909800000000001
Turkey,2004,15161.6202534548,0.5183399999999999
Turkey,2003,14020.9361088652,0.48288000000000003
Turkey,2002,13468.499046953899,0.52665
Turkey,2001,12842.35786008,0.5382899999999999
Turkey,2000,13862.050434205301,0.47811000000000003
Uganda,2010,1515.8665813571,0.47505
Uganda,2009,1485.0270852019,0.35397
Uganda,2008,1439.11054752444,0.32628
Uganda,2007,1370.27459538521,0.38797
Uganda,2006,1308.42164438395,0.30049000000000003
Uganda,2005,1222.70321588202,0.21448000000000003
Uganda,2004,1190.57444090593,0.25992
Uganda,2003,1154.20071130339,0.25701999999999997
Uganda,2002,1122.2496260017501,0.36894
Ukraine,2015,7464.939833592941,0.61742
Ukraine,2014,8243.47351509088,0.64908
Ukraine,2013,8338.91505034601,0.75926
Ukraine,2012,8322.17303436674,0.7541800000000001
Ukraine,2011,8281.867126123521,0.7378
Ukraine,2010,7824.49845171438,0.83295
Ukraine,2009,7479.3421696163405,0.8567600000000001
Ukraine,2008,8739.68607684231,0.84649
Ukraine,2007,8497.05949643502,0.85288
Ukraine,2006,7828.081178858721,0.94934
Ukraine,2005,7246.35102662269,1.0320200000000002
Ukraine,2004,7004.327676089069,1.08187
Ukraine,2003,6201.063280369879,1.11322
Ukraine,2002,5622.43984863069,0.99736
Ukraine,2001,5291.68022509355,1.02424
Ukraine,2000,4797.380276997321,0.96252
United Arab Emirates,2015,65975.3755468552,0.86559
United Arab Emirates,2014,64126.8920822393,0.69384
United Arab Emirates,2011,58404.0155885493,0.48918999999999996
United Kingdom,2015,38839.1669568199,1.70304
United Kingdom,2014,38251.7924802929,1.6813
United Kingdom,2013,37398.7972183927,1.6594900000000001
United Kingdom,2012,36892.8503113158,1.6075
United Kingdom,2011,36607.9810897257,1.6797400000000002
United Kingdom,2010,36366.9831782522,1.6791099999999999
United Kingdom,2009,36042.424228706004,1.70155
United Kingdom,2008,37903.3819323998,1.64367
United Kingdom,2007,38384.2519713226,1.63378
United Kingdom,2006,37793.6185013342,1.58925
United Kingdom,2005,37159.798956229504,1.5711
United Kingdom,2004,36292.1820341162,1.55755
United Kingdom,2003,35656.1779984626,1.60469
United Kingdom,2002,34669.518238311204,1.6434
United Kingdom,2001,33981.3775929392,1.63268
United Kingdom,2000,33266.116428660804,1.6405599999999998
United States,2015,53029.2933612438,2.79385
United States,2014,51931.6121706486,2.75493
United States,2013,51008.4599710083,2.74019
United States,2012,50519.5266059597,2.6980299999999997
United States,2011,49790.6654782305,2.77285
United States,2010,49372.6192042539,2.73395
United States,2009,48557.8676445276,2.82226
United States,2008,50383.8405601926,2.77033
United States,2007,51011.4250263085,2.6228700000000003
United States,2006,50598.9483595843,2.54193
United States,2005,49762.23790136191,2.5047900000000003
United States,2004,48597.337362224804,2.48488
United States,2003,47260.041936800895,2.55523
United States,2002,46366.5779744928,2.54446
United States,2001,45977.549991371394,2.64375
United States,2000,45986.0527103166,2.61663
Uruguay,2014,19827.5649843219,0.33592
Uruguay,2013,19270.576091808998,0.32068
Uruguay,2012,18477.3791210225,0.32798
Uruguay,2011,17904.7458216669,0.34883000000000003
Uruguay,2010,17082.4046549884,0.34119
Uruguay,2009,15900.829252842199,0.41223999999999994
Uruguay,2008,15307.857950630501,0.37982
Uruguay,2007,14330.294716411201,0.42508
Uruguay,2006,13485.5548638694,0.36566
Uruguay,2002,11400.224327149199,0.23836999999999997
Uruguay,2000,12874.7647589213,0.20936999999999997
Uzbekistan,2015,5700.23602764231,0.21354
Uzbekistan,2014,5370.86580208835,0.19759000000000002
Uzbekistan,2013,5067.36026505121,0.19639
Uzbekistan,2012,4765.86010917962,0.20215999999999998
Uzbekistan,2011,4469.99748445762,0.1949
Uzbekistan,2010,4239.70220839215,0.19519
Uzbekistan,2009,4019.4357928445293,0.20305
Uzbekistan,2008,3781.52895693245,0.19339
Uzbekistan,2007,3525.43555804099,0.21713000000000002
Uzbekistan,2006,3253.2210588740004,0.22421
Uzbekistan,2005,3069.1151659297498,0.23776
Uzbekistan,2004,2901.8955291394605,0.26955
Uzbekistan,2003,2725.69229267033,0.26836
Uzbekistan,2002,2646.4450725076,0.29357
Uzbekistan,2001,2575.99240380072,0.34512
Uzbekistan,2000,2503.65734625083,0.36014
Vietnam,2013,5024.43890182073,0.37404
Vietnam,2011,4632.765965236579,0.19043
Vietnam,2002,2833.7709634295097,0.17803
Zambia,2008,2881.81182531237,0.27819
Zambia,2005,2482.58201771245,0.02493
Zambia,2004,2378.3004390172896,0.02223
Zambia,2003,2282.29919076599,0.00847
Zambia,2002,2191.96181380669,0.0054399999999999995
